,title,title from pdf,title from xml,pdf file,xml file
0,Die Rolle des Zeigens,,Die Rolle des Zeigens,conferences\DHd2016_neu\pdf\panels-001.pdf,conferences\DHd2016_neu\xml\panels-001.xml
1,Der Modelle Tugend 2.0 – Vom digitalen 3D-Datensatz zum wissenschaftlichen Informationsmodell,,Der Modelle Tugend 2.0 – Vom digitalen 3D-Datensatz zum wissenschaftlichen Informationsmodell,conferences\DHd2016_neu\pdf\panels-002.pdf,conferences\DHd2016_neu\xml\panels-002.xml
2,"Vernetzung ist wichtig, Vernetzung ist gut - Aber wie vernetzt man richtig?",,"Vernetzung ist wichtig, Vernetzung ist gut - Aber wie vernetzt man richtig?",conferences\DHd2016_neu\pdf\panels-003.pdf,conferences\DHd2016_neu\xml\panels-003.xml
3,Datenzentren für die nachhaltige Forschung in den Digital Humanities,,Datenzentren für die nachhaltige Forschung in den Digital Humanities,conferences\DHd2016_neu\pdf\panels-004.pdf,conferences\DHd2016_neu\xml\panels-004.xml
4,Fachwissenschaftliche Nutzungsszenarien der CLARIN-D Infrastruktur,,Fachwissenschaftliche Nutzungsszenarien der CLARIN-D Infrastruktur,conferences\DHd2016_neu\pdf\panels-005.pdf,conferences\DHd2016_neu\xml\panels-005.xml
5,Nachhaltigkeit technischer Lösungen für digitale Editionen. Eine kritische Evaluation bestehender Frameworks und Workflows von und für Praktiker_innen,,Nachhaltigkeit technischer Lösungen für digitale Editionen. Eine kritische Evaluation bestehender Frameworks und Workflows von und für Praktiker_innen,conferences\DHd2016_neu\pdf\panels-006.pdf,conferences\DHd2016_neu\xml\panels-006.xml
6,Die Rolle von Mensch und Computer in den Digital Humanities,,Die Rolle von Mensch und Computer in den Digital Humanities,conferences\DHd2016_neu\pdf\plenarvortraege-001.pdf,conferences\DHd2016_neu\xml\plenarvortraege-001.xml
7,Von den 'digital humanities' zu einer humanen Digitalisierung,,Von den 'digital humanities' zu einer humanen Digitalisierung,conferences\DHd2016_neu\pdf\plenarvortraege-002.pdf,conferences\DHd2016_neu\xml\plenarvortraege-002.xml
8,Das Tool LAKomp und seine Anwendung auf Texte nichtstandardisierter Sprachstufen,,Das Tool LAKomp und seine Anwendung auf Texte nichtstandardisierter Sprachstufen,conferences\DHd2016_neu\pdf\posters-001.pdf,conferences\DHd2016_neu\xml\posters-001.xml
9,Monasterium. Benutzerintegration in einem DH-Großprojekt,,Monasterium. Benutzerintegration in einem DH-Großprojekt,conferences\DHd2016_neu\pdf\posters-002.pdf,conferences\DHd2016_neu\xml\posters-002.xml
10,Booksprint-Projekt: Lehrbuch „Forschungsdatenmanagement“,,Booksprint-Projekt: Lehrbuch „Forschungsdatenmanagement“,conferences\DHd2016_neu\pdf\posters-003.pdf,conferences\DHd2016_neu\xml\posters-003.xml
11,Ähnlichkeitssuche in den Digital Humanities: Semi-automatische Identifikation von Kostümmustern,,Ähnlichkeitssuche in den Digital Humanities: Semi-automatische Identifikation von Kostümmustern ,conferences\DHd2016_neu\pdf\posters-004.pdf,conferences\DHd2016_neu\xml\posters-004.xml
12,Digitales Publizieren. Bedingungen – Optionen – Empfehlungen,,Digitales Publizieren. Bedingungen – Optionen – Empfehlungen,conferences\DHd2016_neu\pdf\posters-005.pdf,conferences\DHd2016_neu\xml\posters-005.xml
13,Das Dortmunder Chat-Korpus in CLARIN-D: Modellierung und Mehrwerte,,Das Dortmunder Chat-Korpus in CLARIN-D: Modellierung und Mehrwerte,conferences\DHd2016_neu\pdf\posters-006.pdf,conferences\DHd2016_neu\xml\posters-006.xml
14,Digitale Forschungsaktivitäten multilingual: TaDiRAH für die deutschsprachige DH-Community,,Digitale Forschungsaktivitäten multilingual: TaDiRAH für die deutschsprachige DH-Community,conferences\DHd2016_neu\pdf\posters-007.pdf,conferences\DHd2016_neu\xml\posters-007.xml
15,"""Bleeding Edge"" – Datenmodellierung, Softwareentwicklung und die Freuden und Leiden forschungsgetriebener Entwicklung am Beispiel der Datenbank der Islamic Scientific Manuscript Initiative (ISMI)",,"""Bleeding Edge"" – Datenmodellierung, Softwareentwicklung und die Freuden und Leiden forschungsgetriebener Entwicklung am Beispiel der Datenbank der Islamic Scientific Manuscript Initiative (ISMI)",conferences\DHd2016_neu\pdf\posters-008.pdf,conferences\DHd2016_neu\xml\posters-008.xml
16,histoGraph: Graphbasierte Exploration und Crowdbasierte Indexierung,,histoGraph: Graphbasierte Exploration und Crowdbasierte Indexierung ,conferences\DHd2016_neu\pdf\posters-009.pdf,conferences\DHd2016_neu\xml\posters-009.xml
17,Baustein statt Datenruine: Beitrag zu einer Forschungsumgebung mit Bild-Text-Annotationen,,Baustein statt Datenruine: Beitrag zu einer Forschungsumgebung mit Bild-Text-Annotationen,conferences\DHd2016_neu\pdf\posters-010.pdf,conferences\DHd2016_neu\xml\posters-010.xml
18,Metaphern digital – Auf dem Weg von der Annotation zur automatischen Detektion,,Metaphern digital – Auf dem Weg von der Annotation zur automatischen Detektion,conferences\DHd2016_neu\pdf\posters-011.pdf,conferences\DHd2016_neu\xml\posters-011.xml
19,With a little help from my (HDC-)friends,,With a little help from my (HDC-)friends,conferences\DHd2016_neu\pdf\posters-012.pdf,conferences\DHd2016_neu\xml\posters-012.xml
20,„Bis zum Sankt(-|\s)?[Nn]immerleins(-|\s)?[Tt]ag“ – Der Datumserkenner „PDR-Dates“,,„Bis zum Sankt(-|\s)?[Nn]immerleins(-|\s)?[Tt]ag“ – Der Datumserkenner „PDR-Dates“,conferences\DHd2016_neu\pdf\posters-013.pdf,conferences\DHd2016_neu\xml\posters-013.xml
21,Distant-Reading-Showcase: 200 Jahre deutscher Dramengeschichte auf einen Blick,,Distant-Reading-Showcase: 200 Jahre deutscher Dramengeschichte auf einen Blick,conferences\DHd2016_neu\pdf\posters-014.pdf,conferences\DHd2016_neu\xml\posters-014.xml
22,"Ontologie-basierte Modellierung, Vernetzung und Visualisierung geschichtswissenschaftlichen, wirtschaftswissenschaftlichen und politikwissenschaftlichen Wissens zur Unterstützung multiperspektivischer Konfliktforschung",,"Ontologie-basierte Modellierung, Vernetzung und Visualisierung geschichtswissen-schaftlichen, wirtschaftswissen-schaftlichen und politikwissen-schaftlichen Wissens zur Unterstützung multiperspektivischer Konfliktforschung",conferences\DHd2016_neu\pdf\posters-015.pdf,conferences\DHd2016_neu\xml\posters-015.xml
23,"Biblissima - Semantic Web Application für Handschriften, Inkunabeln und historische Sammlungen - Zwischenbericht",,"Biblissima - Semantic Web Application für Handschriften, Inkunabeln und historische Sammlungen - Zwischenbericht",conferences\DHd2016_neu\pdf\posters-016.pdf,conferences\DHd2016_neu\xml\posters-016.xml
24,: aichinger,,: aichinger,conferences\DHd2016_neu\pdf\posters-017.pdf,conferences\DHd2016_neu\xml\posters-017.xml
25,EbnerOnline. Konzept – Realisierung – Probleme. Erfahrungen aus der Praxis Digitaler Editionsarbeit,,EbnerOnline. Konzept – Realisierung – Probleme. Erfahrungen aus der Praxis Digitaler Editionsarbeit ,conferences\DHd2016_neu\pdf\posters-018.pdf,conferences\DHd2016_neu\xml\posters-018.xml
26,Dissertation: Der Berner Chorherr Heinrich Wölfli (1470-1532) und die Beschreibung seiner Heiligland-Wallfahrt von 1520/21 - Erschliessung und Darstellung durch klassisch-literaturwissenschaftliche und digital-moderne Methoden,,Dissertation: Der Berner Chorherr Heinrich Wölfli (1470-1532) und die Beschreibung seiner Heiligland-Wallfahrt von 1520/21 - Erschliessung und Darstellung durch klassisch-literaturwissenschaftliche und digital-moderne Methoden,conferences\DHd2016_neu\pdf\posters-019.pdf,conferences\DHd2016_neu\xml\posters-019.xml
27,Mit der FinderApp durch Goethes Faust: Treffer im Faksimile visuell hervorgehoben und multimediale Ausgabe in Videoaufführung und Hörbuch.,,Mit der FinderApp durch Goethes Faust: Treffer im Faksimile visuell hervorgehoben und multimediale Ausgabe in Videoaufführung und Hörbuch.,conferences\DHd2016_neu\pdf\posters-020.pdf,conferences\DHd2016_neu\xml\posters-020.xml
28,TInCAP – ein interdisziplinäres Korpus zu Ambiguitäts-phänomenen,,TInCAP – ein interdisziplinäres Korpus zu Ambiguitäts-phänomenen,conferences\DHd2016_neu\pdf\posters-021.pdf,conferences\DHd2016_neu\xml\posters-021.xml
29,Annotation natürlichsprachlicher Texte aus Onlineforen zur Entwicklung domainspezifischer Ontologien,,Annotation natürlichsprachlicher Texte aus Onlineforen zur Entwicklung domainspezifischer Ontologien ,conferences\DHd2016_neu\pdf\posters-022.pdf,conferences\DHd2016_neu\xml\posters-022.xml
30,Lizenzauswahlwerkzeuge für die digitalen Geisteswissenschaften,,Lizenzauswahlwerkzeuge für die digitalen Geisteswissenschaften,conferences\DHd2016_neu\pdf\posters-023.pdf,conferences\DHd2016_neu\xml\posters-023.xml
31,Die Uwe Johnson-Werkausgabe,,Die Uwe Johnson-Werkausgabe,conferences\DHd2016_neu\pdf\posters-024.pdf,conferences\DHd2016_neu\xml\posters-024.xml
32,Digitales Publizieren in den Geisteswissenschaften – Abschlussbericht und Handlungsempfehlungen des DFG-Projektes Fu-PusH,,Digitales Publizieren in den Geisteswissenschaften – Abschlussbericht und Handlungsempfehlungen des DFG-Projektes Fu-PusH ,conferences\DHd2016_neu\pdf\posters-025.pdf,conferences\DHd2016_neu\xml\posters-025.xml
33,Digital Zusammenwachsen: Forschungsdatenmanagement im Forschungsverbund MWW,,Digital Zusammenwachsen: Forschungsdatenmanagement im Forschungsverbund MWW,conferences\DHd2016_neu\pdf\posters-026.pdf,conferences\DHd2016_neu\xml\posters-026.xml
34,Darf wissenschaftliches Design in DH-Projekten emotional ansprechen?,,Darf wissenschaftliches Design in DH-Projekten emotional ansprechen? ,conferences\DHd2016_neu\pdf\posters-027.pdf,conferences\DHd2016_neu\xml\posters-027.xml
35,Gernika – Visualisierung der Interkonnektivität medialer Öffentlichkeiten in Europa,,Gernika – Visualisierung der Interkonnektivität medialer Öffentlichkeiten in Europa,conferences\DHd2016_neu\pdf\posters-028.pdf,conferences\DHd2016_neu\xml\posters-028.xml
36,Eine musikwissenschaftliche Edition in virtueller Umgebung: Die Einbindung der Anton Webern-Gesamtausgabe in SALSAH,,Eine musikwissenschaftliche Edition in virtueller Umgebung: Die Einbindung der Anton Webern-Gesamtausgabe in SALSAH ,conferences\DHd2016_neu\pdf\posters-029.pdf,conferences\DHd2016_neu\xml\posters-029.xml
37,Datenressourcen der Arbeitsstelle des Deutschen Wörterbuchs (Neubearbeitung),,Datenressourcen der Arbeitsstelle des Deutschen Wörterbuchs (Neubearbeitung),conferences\DHd2016_neu\pdf\posters-030.pdf,conferences\DHd2016_neu\xml\posters-030.xml
38,Nutzerorientierte Softwareentwicklung revised – Die Perspektive der Editorinnen und Editoren in digitalen Musik und Medieneditionen,,Nutzerorientierte Softwareentwicklung revised – Die Perspektive der Editorinnen und Editoren in digitalen Musik und Medieneditionen ,conferences\DHd2016_neu\pdf\posters-031.pdf,conferences\DHd2016_neu\xml\posters-031.xml
39,Netzwerkanalysen als Methode in der historischen Epistemologie,,Netzwerkanalysen als Methode in der historischen Epistemologie,conferences\DHd2016_neu\pdf\posters-032.pdf,conferences\DHd2016_neu\xml\posters-032.xml
40,Stefan George Digital,,Stefan George Digital,conferences\DHd2016_neu\pdf\posters-033.pdf,conferences\DHd2016_neu\xml\posters-033.xml
41,"Der Lehrpraxis im Transfer-Facharbeitskreis ""Digitale Geisteswissenschaften in Sachsen""",,"Der Lehrpraxis im Transfer-Facharbeitskreis ""Digitale Geisteswissenschaften in Sachsen""",conferences\DHd2016_neu\pdf\posters-034.pdf,conferences\DHd2016_neu\xml\posters-034.xml
42,Little Data on Big Map (Operative Verbildlichung von lokal existierten Daten der linguistischen Feldforschung),,Little Data on Big Map (Operative Verbildlichung von lokal existierten Daten der linguistischen Feldforschung),conferences\DHd2016_neu\pdf\posters-035.pdf,conferences\DHd2016_neu\xml\posters-035.xml
43,DARIAH-DKPro-Wrapper,,DARIAH-DKPro-Wrapper,conferences\DHd2016_neu\pdf\posters-036.pdf,conferences\DHd2016_neu\xml\posters-036.xml
44,Schichten über Schichten – Die Zukunft der Handschriftenforschung,,Schichten über Schichten – Die Zukunft der Handschriftenforschung,conferences\DHd2016_neu\pdf\posters-037.pdf,conferences\DHd2016_neu\xml\posters-037.xml
45,Ziele und Aktivitäten der Arbeitsgruppe Digitale Romanistik,,Ziele und Aktivitäten der Arbeitsgruppe Digitale Romanistik,conferences\DHd2016_neu\pdf\posters-038.pdf,conferences\DHd2016_neu\xml\posters-038.xml
46,WissKI – Wissenschaftliche Kommunikations-Infrastruktur,,WissKI – Wissenschaftliche Kommunikations-Infrastruktur,conferences\DHd2016_neu\pdf\posters-039.pdf,conferences\DHd2016_neu\xml\posters-039.xml
47,Entwicklung einer digitalen Brief-Edition und eines Forschungsportals zu Theodor Fontane,,Entwicklung einer digitalen Brief-Edition und eines Forschungsportals zu Theodor Fontane,conferences\DHd2016_neu\pdf\posters-040.pdf,conferences\DHd2016_neu\xml\posters-040.xml
48,explore.bread.AT! Die österreichische Brotkultur dialektal,,explore.bread.AT! Die österreichische Brotkultur dialektal ,conferences\DHd2016_neu\pdf\posters-041.pdf,conferences\DHd2016_neu\xml\posters-041.xml
49,Digitale Dokumentation des Kulturerbes im internationalen Verbund. Das Projekt Forschungsinfrastruk-tur Kunstdenkmäler in Ostmitteleuropa (FoKO),,Digitale Dokumentation des Kulturerbes im internationalen Verbund. Das Projekt Forschungsinfrastruk-tur Kunstdenkmäler in Ostmitteleuropa (FoKO),conferences\DHd2016_neu\pdf\posters-042.pdf,conferences\DHd2016_neu\xml\posters-042.xml
50,Kein Gedanke ohne Gedächtnis: Aspekte der Kooperation zwischen digitaler Geisteswissenschaft und BAM-Institutionen,,Kein Gedanke ohne Gedächtnis: Aspekte der Kooperation zwischen digitaler Geisteswissenschaft und BAM-Institutionen ,conferences\DHd2016_neu\pdf\posters-043.pdf,conferences\DHd2016_neu\xml\posters-043.xml
51,Digitales Arbeiten in den Geisteswissenschaften stärken – wissenschaftliche Begleitforschung in DARIAH-DE,,Digitales Arbeiten in den Geisteswissenschaften stärken – wissenschaftliche Begleitforschung in DARIAH-DE,conferences\DHd2016_neu\pdf\posters-044.pdf,conferences\DHd2016_neu\xml\posters-044.xml
52,Briding the GAP: 100 Jahre Dialektlexikographie als Cloud Service. Der SADE Use Case im DARIAH Competence Centre,,Briding the GAP: 100 Jahre Dialektlexikographie als Cloud Service. Der SADE Use Case im DARIAH Competence Centre,conferences\DHd2016_neu\pdf\posters-045.pdf,conferences\DHd2016_neu\xml\posters-045.xml
53,Big Babylonian Pictures. Kohärenztechniken zur konsistenten Vernetzung von Visualisierungen zu mentalen Modellen,,Big Babylonian Pictures. Kohärenztechniken zur konsistenten Vernetzung von Visualisierungen zu mentalen Modellen,conferences\DHd2016_neu\pdf\posters-047.pdf,conferences\DHd2016_neu\xml\posters-047.xml
54,dariahTeach - Freizugängliche Plattform für DH Lehrmaterialien,,dariahTeach - Freizugängliche Plattform für DH Lehrmaterialien,conferences\DHd2016_neu\pdf\posters-048.pdf,conferences\DHd2016_neu\xml\posters-048.xml
55,Modellierung von Forschungsdaten durch Annotation,,Modellierung von Forschungsdaten durch Annotation ,conferences\DHd2016_neu\pdf\posters-049.pdf,conferences\DHd2016_neu\xml\posters-049.xml
56,Visualisierung von Ortsnamen im Deutschen Textarchiv,, Visualisierung von Ortsnamen im Deutschen Textarchiv,conferences\DHd2016_neu\pdf\posters-050.pdf,conferences\DHd2016_neu\xml\posters-050.xml
57,Die computergestützte Erschließung und Visualisierung historischer Itinerare,,Die computergestützte Erschließung und Visualisierung historischer Itinerare,conferences\DHd2016_neu\pdf\posters-051.pdf,conferences\DHd2016_neu\xml\posters-051.xml
58,Visualisierung mittelalterlicher Handschriften im Projekt eCodicology,,Visualisierung mittelalterlicher Handschriften im Projekt eCodicology,conferences\DHd2016_neu\pdf\posters-052.pdf,conferences\DHd2016_neu\xml\posters-052.xml
59,Menschen und Monumente im Fokus. Semantische Modellierung im Baedeker Corpus,,Menschen und Monumente im Fokus. Semantische Modellierung im Baedeker Corpus,conferences\DHd2016_neu\pdf\posters-053.pdf,conferences\DHd2016_neu\xml\posters-053.xml
60,"Ontologisierung vom Thompson Motif‘s Index – Teilergebnisse eines Softwareprojektes zum Thema „Classification of Folktales“, bei Antónia Kostevá, Universität des Saarlandes",,"Ontologisierung vom Thompson Motif‘s Index – Teilergebnisse eines Softwareprojektes zum Thema „Classification of Folktales“, bei Antónia Kostevá, Universität des Saarlandes",conferences\DHd2016_neu\pdf\posters-054.pdf,conferences\DHd2016_neu\xml\posters-054.xml
61,CLARIN-D: Ressourcen gesprochener Sprache und Webservices des Bayerischen Archivs für Sprachsignale,,CLARIN-D: Ressourcen gesprochener Sprache und Webservices des Bayerischen Archivs für Sprachsignale,conferences\DHd2016_neu\pdf\posters-055.pdf,conferences\DHd2016_neu\xml\posters-055.xml
62,"Kuration und Exploration des Korpus ""Diskurs in der Weimarer Republik""",,"Kuration und Exploration des Korpus ""Diskurs in der Weimarer Republik""",conferences\DHd2016_neu\pdf\posters-056.pdf,conferences\DHd2016_neu\xml\posters-056.xml
63,Erschließung digitaler Ressourcen und Forschungsdaten in den Digital Humanities: Der Digitale Wissensspeicher an der Berlin-Brandenburgischen Akademie der Wissenschaften,,Erschließung digitaler Ressourcen und Forschungsdaten in den Digital Humanities: Der Digitale Wissensspeicher an der Berlin-Brandenburgischen Akademie der Wissenschaften ,conferences\DHd2016_neu\pdf\posters-057.pdf,conferences\DHd2016_neu\xml\posters-057.xml
64,Romantik im Wandel der Zeit – eine quantitative Untersuchung,,Romantik im Wandel der Zeit – eine quantitative Untersuchung ,conferences\DHd2016_neu\pdf\posters-058.pdf,conferences\DHd2016_neu\xml\posters-058.xml
65,Erstellung und Visualisierung von Topic-Modellen in WebLicht,,Erstellung und Visualisierung von Topic-Modellen in WebLicht,conferences\DHd2016_neu\pdf\posters-059.pdf,conferences\DHd2016_neu\xml\posters-059.xml
66,"Das erste dynamische Stemma, Pionier des digitalen Zeitalters?",,"Das erste dynamische Stemma, Pionier des digitalen Zeitalters?",conferences\DHd2016_neu\pdf\posters-060.pdf,conferences\DHd2016_neu\xml\posters-060.xml
67,Über die Nutzung von TagPies zur vergleichenden Analyse von Textdaten,,Über die Nutzung von TagPies zur vergleichenden Analyse von Textdaten,conferences\DHd2016_neu\pdf\posters-061.pdf,conferences\DHd2016_neu\xml\posters-061.xml
68,Graphdatenbanken für Historiker mit Perspektiven für die Historische Semantik,,Graphdatenbanken für Historiker mit Perspektiven für die Historische Semantik,conferences\DHd2016_neu\pdf\posters-062.pdf,conferences\DHd2016_neu\xml\posters-062.xml
69,CRETA (Centrum für reflektierte Textanalyse) – Fachübergreifende Methodenentwicklung in den Digital Humanities,,CRETA (Centrum für reflektierte Textanalyse) – Fachübergreifende Methodenentwicklung in den Digital Humanities ,conferences\DHd2016_neu\pdf\posters-063.pdf,conferences\DHd2016_neu\xml\posters-063.xml
70,Historische Begriffe der Erziehungswissenschaft - Erzeugung einer Ontologie,,Historische Begriffe der Erziehungswissenschaft - Erzeugung einer Ontologie,conferences\DHd2016_neu\pdf\posters-064.pdf,conferences\DHd2016_neu\xml\posters-064.xml
71,neonion - Kollaboratives Annotieren zur Erschließung von textuellen Quellen,,neonion - Kollaboratives Annotieren zur Erschließung von textuellen Quellen ,conferences\DHd2016_neu\pdf\posters-065.pdf,conferences\DHd2016_neu\xml\posters-065.xml
72,Excerpta Constantiniana: vom Palimpsest zur Edition einer mittelalterlichen Enzyklopädie,,Excerpta Constantiniana: vom Palimpsest zur Edition einer mittelalterlichen Enzyklopädie,conferences\DHd2016_neu\pdf\posters-066.pdf,conferences\DHd2016_neu\xml\posters-066.xml
73,Digital Humanities und Linguistik: Herausforderungen und ihre Potenziale am Beispiel der Annotation multimodaler Daten,,Digital Humanities und Linguistik: Herausforderungen und ihre Potenziale am Beispiel der Annotation multimodaler Daten,conferences\DHd2016_neu\pdf\posters-067.pdf,conferences\DHd2016_neu\xml\posters-067.xml
74,Datenbank für Gesprochenes Deutsch (DGD),,Datenbank für Gesprochenes Deutsch (DGD),conferences\DHd2016_neu\pdf\posters-068.pdf,conferences\DHd2016_neu\xml\posters-068.xml
75,CFDB: eine paläographische Datenbank neu- und spätbabylonischer Keilschriftzeichen,,CFDB: eine paläographische Datenbank neu- und spätbabylonischer Keilschriftzeichen,conferences\DHd2016_neu\pdf\posters-069.pdf,conferences\DHd2016_neu\xml\posters-069.xml
76,"Visuelle Möglichkeiten der Textkollation anhand des Beispiels eines Vergleiches von Erich Kästners ""Fabian"" und ""Der Gang vor die Hunde""",,"Visuelle Möglichkeiten der Textkollation anhand des Beispiels eines Vergleiches von Erich Kästners ""Fabian"" und ""Der Gang vor die Hunde"" ",conferences\DHd2016_neu\pdf\posters-070.pdf,conferences\DHd2016_neu\xml\posters-070.xml
77,Das digitale Handbuch der Höfe und Residenzen im spätmittelalterlichen Reich. Eine suchoptimierte Präsentation von strukturierten und verlinkten XML-TEI Daten.,,Das digitale Handbuch der Höfe und Residenzen im spätmittelalterlichen Reich. Eine suchoptimierte Präsentation von strukturierten und verlinkten XML-TEI Daten.,conferences\DHd2016_neu\pdf\posters-071.pdf,conferences\DHd2016_neu\xml\posters-071.xml
78,Gegenwärtige dialektspezifische Daten und deren Anwendung in der Dialektometrie,,Gegenwärtige dialektspezifische Daten und deren Anwendung in der Dialektometrie,conferences\DHd2016_neu\pdf\posters-072.pdf,conferences\DHd2016_neu\xml\posters-072.xml
79,"Kollaboratives Schreiben gestern, heute und morgen: Nutzen und Grenzen eines Visualisierungs- und Analysemodels aus der digitalen Literaturforschung",,"Kollaboratives Schreiben gestern, heute und morgen: Nutzen und Grenzen eines Visualisierungs- und Analysemodels aus der digitalen Literaturforschung",conferences\DHd2016_neu\pdf\posters-073.pdf,conferences\DHd2016_neu\xml\posters-073.xml
80,Aufbau einer Korpusinfrastruktur für die Beobachtung des Schreibgebrauchs,,Aufbau einer Korpusinfrastruktur für die Beobachtung des Schreibgebrauchs,conferences\DHd2016_neu\pdf\posters-074.pdf,conferences\DHd2016_neu\xml\posters-074.xml
81,Automatische Typenbestimmung in historischen Drucken,,Automatische Typenbestimmung in historischen Drucken,conferences\DHd2016_neu\pdf\posters-075.pdf,conferences\DHd2016_neu\xml\posters-075.xml
82,Die Schule von Salamanca. Ansätze für vernetzte und visualisierbare Daten,, Die Schule von Salamanca. Ansätze für vernetzte und visualisierbare Daten ,conferences\DHd2016_neu\pdf\posters-076.pdf,conferences\DHd2016_neu\xml\posters-076.xml
83,Dramenwerkbank - Automatische Sprachverarbeitung zur Analyse von Figurenrede,,Dramenwerkbank - Automatische Sprachverarbeitung zur Analyse von Figurenrede,conferences\DHd2016_neu\pdf\posters-077.pdf,conferences\DHd2016_neu\xml\posters-077.xml
84,Wie verhalten sich Aktionäre bei Unternehmenszusammenschlüssen? Modellierung sprachlicher Muster zur Analyse treibender Faktoren bei der Berichterstattung,,Wie verhalten sich Aktionäre bei Unternehmenszusammenschlüssen? Modellierung sprachlicher Muster zur Analyse treibender Faktoren bei der Berichterstattung,conferences\DHd2016_neu\pdf\posters-078.pdf,conferences\DHd2016_neu\xml\posters-078.xml
85,RuCoCo: Automatische Koreferenzannotationen für Russisch,,RuCoCo: Automatische Koreferenzannotationen für Russisch,conferences\DHd2016_neu\pdf\posters-079.pdf,conferences\DHd2016_neu\xml\posters-079.xml
86,Argumentanalyse in digitalen Textkorpora,,Argumentanalyse in digitalen Textkorpora,conferences\DHd2016_neu\pdf\sektionen-001.pdf,conferences\DHd2016_neu\xml\sektionen-001.xml
87,"""Delta"" in der stilometrischen Autorschaftsattribution",,"""Delta"" in der stilometrischen Autorschaftsattribution",conferences\DHd2016_neu\pdf\sektionen-002.pdf,conferences\DHd2016_neu\xml\sektionen-002.xml
88,Arthistory’s Next Topmodel? Der Trend zur Ontologie,,Arthistory’s Next Topmodel? Der Trend zur Ontologie,conferences\DHd2016_neu\pdf\sektionen-003.pdf,conferences\DHd2016_neu\xml\sektionen-003.xml
89,"Mobile Anwendungen als multimodale Medien zur Vermittlung vormoderner Artefakte. Die ,Historisches Paderborn‘-App – ein interdisziplinäres Forschungs- und Lehrprojekt",,"Mobile Anwendungen als multimodale Medien zur Vermittlung vormoderner Artefakte. Die ,Historisches Paderborn‘-App – ein interdisziplinäres Forschungs- und Lehrprojekt",conferences\DHd2016_neu\pdf\sektionen-004.pdf,conferences\DHd2016_neu\xml\sektionen-004.xml
90,Transbiblionome Daten in der Literaturwissenschaft. Texttechnologische Erschließung und digitale Visualisierung intertextueller Beziehungen digitaler Korpora,,Transbiblionome Daten in der Literaturwissenschaft. Texttechnologische Erschließung und digitale Visualisierung intertextueller Beziehungen digitaler Korpora,conferences\DHd2016_neu\pdf\sektionen-005.pdf,conferences\DHd2016_neu\xml\sektionen-005.xml
91,"Editionsphilologie zwischen Bibliothek, Archiv und Fachwissenschaft: Der standardisierte Open-Source-Workflow der digitalen Edition der Korrespondenz August Wilhelm Schlegels",,,conferences\DHd2016_neu\pdf\vortraege-001.pdf,conferences\DHd2016_neu\xml\vortraege-001.xml
92,Pattern Mining in Keilschriftzeichnungen,,Pattern Mining in Keilschriftzeichnungen,conferences\DHd2016_neu\pdf\vortraege-002.pdf,conferences\DHd2016_neu\xml\vortraege-002.xml
93,Algorithmische Visualisierungen: Ausdruck von Routinen und Denkstilen in den Digital Humanities,,Algorithmische Visualisierungen: Ausdruck von Routinen und Denkstilen in den Digital Humanities,conferences\DHd2016_neu\pdf\vortraege-003.pdf,conferences\DHd2016_neu\xml\vortraege-003.xml
94,Die Kunst als Ganzes. Heterogene Bilddatensätze als Herausforderung für die Kunstgeschichte und die Computer Vision.,,Die Kunst als Ganzes. Heterogene Bilddatensätze als Herausforderung für die Kunstgeschichte und die Computer Vision.,conferences\DHd2016_neu\pdf\vortraege-004.pdf,conferences\DHd2016_neu\xml\vortraege-004.xml
95,Die Corpusanalyse multimodaler Erzählungen am Beispiel graphischer Romane,,Die Corpusanalyse multimodaler Erzählungen am Beispiel graphischer Romane,conferences\DHd2016_neu\pdf\vortraege-005.pdf,conferences\DHd2016_neu\xml\vortraege-005.xml
96,"Automatische Textanalysen in der Geschichtswissenschaft – Auswertung, Interpretation und Relevanz",,"Automatische Textanalysen in der Geschichtswissenschaft – Auswertung, Interpretation und Relevanz ",conferences\DHd2016_neu\pdf\vortraege-006.pdf,conferences\DHd2016_neu\xml\vortraege-006.xml
97,Play(s): Crowdbasierte Anreicherung eines literarischen Volltext-Korpus,,Play(s): Crowdbasierte Anreicherung eines literarischen Volltext-Korpus,conferences\DHd2016_neu\pdf\vortraege-007.pdf,conferences\DHd2016_neu\xml\vortraege-007.xml
98,Das juristische Referenzkorpus (JuReko) - Computergestützte Rechtslinguistik als empirischer Beitrag zu Gesetzgebung und Justiz,,Das juristische Referenzkorpus (JuReko) - Computergestützte Rechtslinguistik als empirischer Beitrag zu Gesetzgebung und Justiz,conferences\DHd2016_neu\pdf\vortraege-008.pdf,conferences\DHd2016_neu\xml\vortraege-008.xml
99,DH-Projekte Österreichischer Literaturarchive: Ein Problembericht,,DH-Projekte Österreichischer Literaturarchive: Ein Problembericht,conferences\DHd2016_neu\pdf\vortraege-009.pdf,conferences\DHd2016_neu\xml\vortraege-009.xml
100,Modelling the Scholarly Domain beyond Infrastructure,,Modelling the Scholarly Domain beyond Infrastructure ,conferences\DHd2016_neu\pdf\vortraege-010.pdf,conferences\DHd2016_neu\xml\vortraege-010.xml
101,Aufbau und Annotation des Kafka/Referenzkorpus,,Aufbau und Annotation des Kafka/Referenzkorpus ,conferences\DHd2016_neu\pdf\vortraege-011.pdf,conferences\DHd2016_neu\xml\vortraege-011.xml
102,Modellierung: eine Begriffsbestimmung,,Modellierung: eine Begriffsbestimmung,conferences\DHd2016_neu\pdf\vortraege-012.pdf,conferences\DHd2016_neu\xml\vortraege-012.xml
103,Korpusanalyse in der computergestützten Komparatistik,,Korpusanalyse in der computergestützten Komparatistik ,conferences\DHd2016_neu\pdf\vortraege-013.pdf,conferences\DHd2016_neu\xml\vortraege-013.xml
104,Moving around the City of Glass,,Moving around the City of Glass,conferences\DHd2016_neu\pdf\vortraege-014.pdf,conferences\DHd2016_neu\xml\vortraege-014.xml
105,Software-Einsatz in der geisteswissenschaftli-chen Forschungspraxis: Ergebnisse einer Umfrage,,Software-Einsatz in der geisteswissenschaftli-chen Forschungspraxis: Ergebnisse einer Umfrage,conferences\DHd2016_neu\pdf\vortraege-015.pdf,conferences\DHd2016_neu\xml\vortraege-015.xml
106,HistStadt4D - Multimodale Zugänge zu historischen Bildrepositorien zur Unterstützung stadt- und baugeschichtlicher Forschung und Vermittlung,, HistStadt4D - Multimodale Zugänge zu historischen Bildrepositorien zur Unterstützung stadt- und baugeschichtlicher Forschung und Vermittlung ,conferences\DHd2016_neu\pdf\vortraege-016.pdf,conferences\DHd2016_neu\xml\vortraege-016.xml
107,Die Geowissenschaftliche Analyse von großen Mengen historischer Texte: Die Visualisierung geographischer Verhältnisse in deutschen Familienzeitschriften,,Die Geowissenschaftliche Analyse von großen Mengen historischer Texte: Die Visualisierung geographischer Verhältnisse in deutschen Familienzeitschriften ,conferences\DHd2016_neu\pdf\vortraege-017.pdf,conferences\DHd2016_neu\xml\vortraege-017.xml
108,Die datengeleitete Ermittlung des gemeinsamen sprachlichen Inventars der Geisteswissenschaften,,Die datengeleitete Ermittlung des gemeinsamen sprachlichen Inventars der Geisteswissenschaften,conferences\DHd2016_neu\pdf\vortraege-018.pdf,conferences\DHd2016_neu\xml\vortraege-018.xml
109,Weibliches Erzählen im Expressionismus? Eine Stilometrie von Mela Hartwigs Prosa,,Weibliches Erzählen im Expressionismus? Eine Stilometrie von Mela Hartwigs Prosa,conferences\DHd2016_neu\pdf\vortraege-019.pdf,conferences\DHd2016_neu\xml\vortraege-019.xml
110,Small Data: Wissensproduktion und -vermittlung bei digitalen Visualisierungen in der Kunstgeschichte,, Small Data: Wissensproduktion und -vermittlung bei digitalen Visualisierungen in der Kunstgeschichte ,conferences\DHd2016_neu\pdf\vortraege-020.pdf,conferences\DHd2016_neu\xml\vortraege-020.xml
111,Digitale Editionen als Web-Services,,Digitale Editionen als Web-Services ,conferences\DHd2016_neu\pdf\vortraege-021.pdf,conferences\DHd2016_neu\xml\vortraege-021.xml
112,User-Experience von Spracharchiven: Eine Neubewertung der Interaktion von Archiv und Nutzern.,,User-Experience von Spracharchiven: Eine Neubewertung der Interaktion von Archiv und Nutzern.,conferences\DHd2016_neu\pdf\vortraege-022.pdf,conferences\DHd2016_neu\xml\vortraege-022.xml
113,Sonification: Vermittlungsansätze zwischen Klang und Information,,Sonification: Vermittlungsansätze zwischen Klang und Information,conferences\DHd2016_neu\pdf\vortraege-023.pdf,conferences\DHd2016_neu\xml\vortraege-023.xml
114,"Zu virtuellen Forschungsumgebungen, einer genuin digitalen Hermeneutik sowie deren Visualisierung",,"Zu virtuellen Forschungsumgebungen, einer genuin digitalen Hermeneutik sowie deren Visualisierung",conferences\DHd2016_neu\pdf\vortraege-024.pdf,conferences\DHd2016_neu\xml\vortraege-024.xml
115,Darstellung heterogenen und dynamischen Wissens mit CIDOC CRM und WissKI,,Darstellung heterogenen und dynamischen Wissens mit CIDOC CRM und WissKI,conferences\DHd2016_neu\pdf\vortraege-025.pdf,conferences\DHd2016_neu\xml\vortraege-025.xml
116,Tambora: Erkenntnisgewinne durch kartographische Visualisierungen von Forschungsdaten aus der historischen Klimatologie,,Tambora: Erkenntnisgewinne durch kartographische Visualisierungen von Forschungsdaten aus der historischen Klimatologie,conferences\DHd2016_neu\pdf\vortraege-026.pdf,conferences\DHd2016_neu\xml\vortraege-026.xml
117,„Jesus ist keine App“ - Fachsprachliche Konzeptualisierungen des ›Computers‹ und Ansätze computergestützter Fachsprachenlinguistik am Beispiel der Domänen Medizin und Theologie,,„Jesus ist keine App“ - Fachsprachliche Konzeptualisierungen des ›Computers‹ und Ansätze computergestützter Fachsprachenlinguistik am Beispiel der Domänen Medizin und Theologie,conferences\DHd2016_neu\pdf\vortraege-027.pdf,conferences\DHd2016_neu\xml\vortraege-027.xml
118,Knowledge-Based Support for Scholarly Editing and Text Processing,,Knowledge-Based Support for Scholarly Editing and Text Processing,conferences\DHd2016_neu\pdf\vortraege-029.pdf,conferences\DHd2016_neu\xml\vortraege-029.xml
119,"Annotation und Distant Reading: Probleme, Synergien, Perspektiven",,"Annotation und Distant Reading: Probleme, Synergien, Perspektiven",conferences\DHd2016_neu\pdf\vortraege-030.pdf,conferences\DHd2016_neu\xml\vortraege-030.xml
120,"ePoetics – Korpuserschließung und Visualisierung deutschsprachiger Poetiken (1770-1960) für den ,Algorithmic Criticism‘",," ePoetics – Korpuserschließung und Visualisierung deutschsprachiger Poetiken (1770-1960) für den ,Algorithmic Criticism‘ ",conferences\DHd2016_neu\pdf\vortraege-031.pdf,conferences\DHd2016_neu\xml\vortraege-031.xml
121,Über den Mehrwert der Vernetzung von OCR-Verfahren zur Erfassung von Texten des 17. Jahrhunderts,,Über den Mehrwert der Vernetzung von OCR-Verfahren zur Erfassung von Texten des 17. Jahrhunderts,conferences\DHd2016_neu\pdf\vortraege-032.pdf,conferences\DHd2016_neu\xml\vortraege-032.xml
122,Formate als Sackgassen: Handlungsempfehlungen,,Formate als Sackgassen: Handlungsempfehlungen,conferences\DHd2016_neu\pdf\vortraege-033.pdf,conferences\DHd2016_neu\xml\vortraege-033.xml
123,Digital Humanities in Bewegung: Ansätze für die computergestützte Filmanalyse,, Digital Humanities in Bewegung: Ansätze für die computergestützte Filmanalyse ,conferences\DHd2016_neu\pdf\vortraege-034.pdf,conferences\DHd2016_neu\xml\vortraege-034.xml
124,Operationalisierung von Forschungsfragen in CLARIN-D - Der Anwendungsfall Ernst Jünger,,Operationalisierung von Forschungsfragen in CLARIN-D - Der Anwendungsfall Ernst Jünger,conferences\DHd2016_neu\pdf\vortraege-035.pdf,conferences\DHd2016_neu\xml\vortraege-035.xml
125,Judaica recherchieren – Unterstützung bei der Realisierung forschungsspezifischer Suchlösungen durch die generische Suche von DARIAH-DE,,Judaica recherchieren – Unterstützung bei der Realisierung forschungsspezifischer Suchlösungen durch die generische Suche von DARIAH-DE,conferences\DHd2016_neu\pdf\vortraege-036.pdf,conferences\DHd2016_neu\xml\vortraege-036.xml
126,Nutzung und Kombination von Daten aus strukturierten und unstrukturierten Quellen zur Identifikation transnationaler Lebensläufe,,Nutzung und Kombination von Daten aus strukturierten und unstrukturierten Quellen zur Identifikation transnationaler Lebensläufe,conferences\DHd2016_neu\pdf\vortraege-037.pdf,conferences\DHd2016_neu\xml\vortraege-037.xml
127,Sprachwandel im Sanskrit? Eine Corpusstudie zum Einfluss Pāṇinis auf die Lexik des Sanskrit,,Sprachwandel im Sanskrit? Eine Corpusstudie zum Einfluss Pāṇinis auf die Lexik des Sanskrit,conferences\DHd2016_neu\pdf\vortraege-038.pdf,conferences\DHd2016_neu\xml\vortraege-038.xml
128,Kollaboratives Annotieren literarischer Texte,,Kollaboratives Annotieren literarischer Texte,conferences\DHd2016_neu\pdf\vortraege-039.pdf,conferences\DHd2016_neu\xml\vortraege-039.xml
129,Attribuierung direkter Reden in deutschen Romanen des 18.-20. Jahrhunderts. Methoden zur Bestimmung des Sprechers und des Angesprochenen,,Attribuierung direkter Reden in deutschen Romanen des 18.-20. Jahrhunderts. Methoden zur Bestimmung des Sprechers und des Angesprochenen,conferences\DHd2016_neu\pdf\vortraege-040.pdf,conferences\DHd2016_neu\xml\vortraege-040.xml
130,DiaCollo: diachronen Kollokationen auf der Spur,,DiaCollo: diachronen Kollokationen auf der Spur,conferences\DHd2016_neu\pdf\vortraege-041.pdf,conferences\DHd2016_neu\xml\vortraege-041.xml
131,Bearbeitung und Annotation historischer Texte mittels Graph-Datenbanken am Beispiel der Chronik des Matthias von Edessa,,Bearbeitung und Annotation historischer Texte mittels Graph-Datenbanken am Beispiel der Chronik des Matthias von Edessa ,conferences\DHd2016_neu\pdf\vortraege-042.pdf,conferences\DHd2016_neu\xml\vortraege-042.xml
132,Kafkas Stil. Zur Psychostilistik der Tagebücher Kafkas,,Kafkas Stil. Zur Psychostilistik der Tagebücher Kafkas,conferences\DHd2016_neu\pdf\vortraege-043.pdf,conferences\DHd2016_neu\xml\vortraege-043.xml
133,Digitale Workflows in Langzeitprojekten am Beispiel einer Infrastruktur zur Dokumentation indigener nordeurasischer Sprachen (INEL),,Digitale Workflows in Langzeitprojekten am Beispiel einer Infrastruktur zur Dokumentation indigener nordeurasischer Sprachen (INEL),conferences\DHd2016_neu\pdf\vortraege-044.pdf,conferences\DHd2016_neu\xml\vortraege-044.xml
134,Die Lehre der digitalen Visualisierung am Beispiel der Architektur,,Die Lehre der digitalen Visualisierung am Beispiel der Architektur,conferences\DHd2016_neu\pdf\vortraege-045.pdf,conferences\DHd2016_neu\xml\vortraege-045.xml
135,Sprache als Netz: Diagnostik durch Visualisierung,,Sprache als Netz: Diagnostik durch Visualisierung,conferences\DHd2016_neu\pdf\vortraege-046.pdf,conferences\DHd2016_neu\xml\vortraege-046.xml
136,A Visual Approach to the History of Swiss Federal Law,,A Visual Approach to the History of Swiss Federal Law,conferences\DHd2016_neu\pdf\vortraege-047.pdf,conferences\DHd2016_neu\xml\vortraege-047.xml
137,LERA - Explorative Analyse komplexer Textvarianten in Editionsphilologie und Diskursanalyse,, LERA - Explorative Analyse komplexer Textvarianten in Editionsphilologie und Diskursanalyse ,conferences\DHd2016_neu\pdf\vortraege-048.pdf,conferences\DHd2016_neu\xml\vortraege-048.xml
138,Classification of Literary Subgenres,,Classification of Literary Subgenres,conferences\DHd2016_neu\pdf\vortraege-049.pdf,conferences\DHd2016_neu\xml\vortraege-049.xml
139,Der falsche Quijote? Autorschaftsattribution für spanische Prosa der frühen Neuzeit.,,Der falsche Quijote? Autorschaftsattribution für spanische Prosa der frühen Neuzeit.,conferences\DHd2016_neu\pdf\vortraege-051.pdf,conferences\DHd2016_neu\xml\vortraege-051.xml
140,Korpushermeneutik - Ansatz und Werkzeug zur Analyse großer Textkorpora,,Korpushermeneutik - Ansatz und Werkzeug zur Analyse großer Textkorpora,conferences\DHd2016_neu\pdf\vortraege-052.pdf,conferences\DHd2016_neu\xml\vortraege-052.xml
141,"Wer bist Du, Nutzer?",,"Wer bist Du, Nutzer?",conferences\DHd2016_neu\pdf\vortraege-053.pdf,conferences\DHd2016_neu\xml\vortraege-053.xml
142,"Geisteswissenschaftliche Fachdatenrepositorien im Semantic Web. Modellierung, Vernetzung, Visualisierung.",,"Geisteswissenschaftliche Fachdatenrepositorien im Semantic Web. Modellierung, Vernetzung, Visualisierung.",conferences\DHd2016_neu\pdf\vortraege-054.pdf,conferences\DHd2016_neu\xml\vortraege-054.xml
143,"Topic, Genre, Text",,"Topic, Genre, Text",conferences\DHd2016_neu\pdf\vortraege-055.pdf,conferences\DHd2016_neu\xml\vortraege-055.xml
144,Technical and social Infrastructures for the Humanities: The Example of the Dagaare-English-Cantonese Dictionary,,Technical and social Infrastructures for the Humanities: The Example of the Dagaare-English-Cantonese Dictionary,conferences\DHd2016_neu\pdf\vortraege-056.pdf,conferences\DHd2016_neu\xml\vortraege-056.xml
145,Ein Facebook der anderen Art: Digitalisierte Epigraphiken als Quelle der Kulturforschung,,Ein Facebook der anderen Art: Digitalisierte Epigraphiken als Quelle der Kulturforschung ,conferences\DHd2016_neu\pdf\vortraege-057.pdf,conferences\DHd2016_neu\xml\vortraege-057.xml
146,Usability in den Digital Humanities am Beispiel des LAUDATIO-Repositoriums,,Usability in den Digital Humanities am Beispiel des LAUDATIO-Repositoriums,conferences\DHd2016_neu\pdf\vortraege-058.pdf,conferences\DHd2016_neu\xml\vortraege-058.xml
147,„Alles ist Wechselwirkung“ – auch in den Digital Humanities: Von ‘D‘ nach ‘H‘ und zurück durch Humboldts Kosmos-Vorträge (1827/28),,„Alles ist Wechselwirkung“ – auch in den Digital Humanities: Von ‘D‘ nach ‘H‘ und zurück durch Humboldts Kosmos-Vorträge (1827/28),conferences\DHd2016_neu\pdf\vortraege-059.pdf,conferences\DHd2016_neu\xml\vortraege-059.xml
148,Dramen als small worlds? Netzwerkdaten zur Geschichte und Typologie deutschsprachiger Dramen 1730-1930,, Dramen als small worlds? Netzwerkdaten zur Geschichte und Typologie deutschsprachiger Dramen 1730-1930 ,conferences\DHd2016_neu\pdf\vortraege-060.pdf,conferences\DHd2016_neu\xml\vortraege-060.xml
149,Ein Mehrebenen-Tagging-Modell für die Annotation altäthiopischer Texte,,Ein Mehrebenen-Tagging-Modell für die Annotation altäthiopischer Texte,conferences\DHd2016_neu\pdf\vortraege-061.pdf,conferences\DHd2016_neu\xml\vortraege-061.xml
150,Emosaic – Visualisierung von Emotionen in Texten durch Farbumwandlung zur Analyse und Exploration,,Emosaic – Visualisierung von Emotionen in Texten durch Farbumwandlung zur Analyse und Exploration,conferences\DHd2016_neu\pdf\vortraege-062.pdf,conferences\DHd2016_neu\xml\vortraege-062.xml
151,"Komponisten-Datenbanken / -Portale: Entwicklungsmöglich-keiten, Austauschformate und Vernetzungspotential",,"Komponisten-Datenbanken / -Portale: Entwicklungsmöglich-keiten, Austauschformate und Vernetzungspotential",conferences\DHd2016_neu\pdf\workshops-001.pdf,conferences\DHd2016_neu\xml\workshops-001.xml
152,Wissenschaftliches Bloggen bei de.hypotheses.org,,Wissenschaftliches Bloggen bei de.hypotheses.org,conferences\DHd2016_neu\pdf\workshops-002.pdf,conferences\DHd2016_neu\xml\workshops-002.xml
153,nodegoat Workshop: Einführung in die Nutzung einer multifunktionalen webbasierten Datenbankapplikation für Geisteswissenschaftler,,nodegoat Workshop: Einführung in die Nutzung einer multifunktionalen webbasierten Datenbankapplikation für Geisteswissenschaftler,conferences\DHd2016_neu\pdf\workshops-003.pdf,conferences\DHd2016_neu\xml\workshops-003.xml
154,Entwicklung und Nutzung interdisziplinärer Repositorien für historische textbasierte Korpora,,Entwicklung und Nutzung interdisziplinärer Repositorien für historische textbasierte Korpora ,conferences\DHd2016_neu\pdf\workshops-004.pdf,conferences\DHd2016_neu\xml\workshops-004.xml
155,CATMA - Eine Plattform zum kollaborativen und automatisierten Annotieren und Analysieren von Texten,,CATMA - Eine Plattform zum kollaborativen und automatisierten Annotieren und Analysieren von Texten,conferences\DHd2016_neu\pdf\workshops-005.pdf,conferences\DHd2016_neu\xml\workshops-005.xml
156,Crossmediales Publizieren mit TUSTEP – ein Workshop der International TUSTEP User Group,,Crossmediales Publizieren mit TUSTEP – ein Workshop der International TUSTEP User Group,conferences\DHd2016_neu\pdf\workshops-006.pdf,conferences\DHd2016_neu\xml\workshops-006.xml
157,Visualisierungs-methoden und -instrumente für historische Quellenkorpora,,Visualisierungs-methoden und -instrumente für historische Quellenkorpora,conferences\DHd2016_neu\pdf\workshops-007.pdf,conferences\DHd2016_neu\xml\workshops-007.xml
158,Es geht auch ohne Formeln – der Einsatz von TeX in den Digital Humanities am Beispiel kritischer Editionen,,Es geht auch ohne Formeln – der Einsatz von TeX in den Digital Humanities am Beispiel kritischer Editionen,conferences\DHd2016_neu\pdf\workshops-008.pdf,conferences\DHd2016_neu\xml\workshops-008.xml
159,TextGrid und DARIAH-DE: Forschungsumgebung und Infrastruktur für die Geisteswissenschaften,,TextGrid und DARIAH-DE: Forschungsumgebung und Infrastruktur für die Geisteswissenschaften,conferences\DHd2016_neu\pdf\workshops-009.pdf,conferences\DHd2016_neu\xml\workshops-009.xml
