,title,title from pdf,pdf file
0,Wissenschaftsblogs und wissenschaftliches Bloggen bei de.hypotheses.org,  Wissenschaftsblogs und wissenschaftliches Bloggen bei de.hypotheses.org Was bedeutet der digitale ,"150223_Workshop_II_Bolz-Wissenschaftliches_Bloggen,_Wissenschaftsblogs_und_bloggende_Wissenschaftler-1261164_a.pdf"
1,Frosch oder Prinz? TUSTEP als Werkzeug der Digitalen Geisteswissenschaften – ein Workshop der International TUSTEP User Group,DHd-Tagung»VonDatenzuErkenntnissen:DigitaleGeisteswissenschaftenalsMittlerzwischenInformationund,150223_Workshop_I_Kollatz-Frosch_oder_Prinz_TUSTEP_als_Werkzeug_der_digitalen_Geisteswissenschaften_–ein_Workshop_der_In_a.pdf
2,"Computerlinguistische Methoden der Inhaltsanalyse in den Sozialwissenschaften: Forschungspraktische Herausforderungen, Werkzeuge und Technologien",Proposal für einen Pre-Conference Workshop zur 2. Jahrestagung Digital Humanities im deutschsprachig,150223_Workshop_V_Stede-Computerlinguistische_Methoden_der_Inhaltsanalyse-1171159_a.pdf
3,Computational Narratology,Workshop Computational Narratology In den letzten fünf Jahren hat die computergestützte erzähltechni,150224_Workshop_III_Meister-Elemente_einer_Roadmap_fÅr_das_Forschungsfeld_Computational_Narratology-481097_a.pdf
4,ediarum – Eine digitale Arbeitsumgebung für Editionsvorhaben,"ediarum Ð Eine digitale Arbeitsumgebung fŸr Editionsvorhaben  Stefan Dumont (dumont@bbaw.de), Martin",150224_Workshop_IV_Dumont-ediarum_–_Eine_digitale_Arbeitsumgebung_für_Editionsvorhaben-1821070_a.pdf
5,Einführung in die Nutzung der Edirom Tools im Kontext digitaler Musikeditionen,"DHd-Jahrestagung 2015, Graz – Pre-Conference WorkshopEinführung in die Nutzung der Edirom Tools im K",150224_Workshop_VIII_Beer-EinfÅhrung_in_die_Nutzung_der_Edirom_Tools_im_Kontext_digitaler_Musikeditionen-1711192_a.pdf
6,Es geht auch ohne Formeln – Der Einsatz von TeX in den Digital Humanities am Beispiel kritischer Editionen,WorkshopEsgehtauchohneFormelnDerEinsatzvonTEXindenDigitalHumanitiesamBeispielkritischerEditionenMart,150224_Workshop_VII_Sievers-Es_geht_auch_ohne_Formeln_–_Der_Einsatz_von_TeX-1661098_a.pdf
7,Automatisierte Handschriftenerkennung mit der Transcription & Recognition Platform (TRP),Workshop: Automatisierte Handschriftenerkennung mit der Transcription & Recognition Platform (TRP)  ,150224_Workshop_VI_MÅhlberger-Automatisierte_Erkennung_handschriftlicher_Dokumente-141049_a.pdf
8,Filmbild Filmschnitt Filmstil – die Quantifizierung und Visualisierung von filmischen Strukturen,"Filmbild, Filmschnitt, Filmstil – die Quantifizierung und Visualisierung von filmischen StrukturenAd","150225_Kunstgeschichte_II_1_Heftberger-Filmbild,_Filmschnitt,_Filmstil_–_die_Quantifizierung-931114.pdf"
9,Die Bedeutung architektonischer Gestaltung in der visuellen Vermittlung wissenschaftlicher Unschärfe am Beispiel von Ktesiphon und weiteren archäologischen Stätten,Abstract Die Bedeutung architektonischer Gestaltung in der visuellen Vermittlung wissenschaftlicher ,150225_Kunstgeschichte_II_2_Lengyel-Die_Bedeutung_architektonischer_Gestaltung_in_der_visuellen_Vermittlung_wissenschaftlicher_UnschÑrfe_.pdf
10,Distant Waching. Ein quantitativer Zugang zu YouTube-Videos,Distant Waching.Ein quantitativer Zugang zu YouTube-VideosMag. Dipl.-Ing. Gernot HowanitzStipendiat ,150225_Kunstgeschichte_I_2_Howanitz-Distant_Watching-381084.pdf
11,Farbe und Maß. Die Fibonacci-Zahlen in der Kunstgeschichte,Von Daten zu Erkenntnissen: Digitale Geisteswissenschaften als Mittler zwischen Information und Inte,150225_Kunstgeschichte_I_3_von_Pippich-Farbe_und_Ma·_Die_Fibonacci-Zahlen_in_der_Kunstgeschichte-1721060.pdf
12,Making Things Chatter. Historische Debatten und ihre Objekte im Museum,Prof. Dr. Christian Kassung Institut fŸr Kulturwissenschaft Humboldt-UniversitŠt zu Berlin 10.11.201,150225_Kunstgeschichte_I_Kassung-Making_Things_Chatter_Historische_Debatten_und_ihre_Objekte-1181165.pdf
13,„Befund“ und „Deutung“ in Beethovens Schreibprozessen,„Befund“ und „Deutung“ in Beethovens Schreibprozessen (DHd Graz 2015)„Befund“ und „Deutung“ in Beeth,150225_Musikologie_1_Kepper-„Befund“_und_„Deutung“_in_Beethovens_Schreibprozessen-751119.pdf
14,Modellierung von Annotationen in der digitalen Musik­ und Medienedition,Modellierung von Annotationen in der digitalen Musik­ und Medienedition BMBF­Projekt “Zentrum Musik ,150225_Musikologie_2_Komprecht-Modellierung_von_Annotationen_in_der_digitalen_Musik--1321134.pdf
15,Repräsentationen von Migration in musikwissenschaftlichen Datenbanken,Repräsentationen von Migrationin musikwissenschaftlichen DatenbankenAbstract zum Vortrag auf der DHd,150225_Musikoloige_3_Roeder-ReprÑsentationen_von_Migration_in_musikwissenschaftlichen_Datenbanken-81037.pdf
16,Das Zusammenspiel automatisierter und interpretativer Verfahren bei der Aufbereitung und Auswertung mündlicher Daten - Fallbeispiele aus der angewandten Wissenschaftssprachforschung,1  Das Zusammenspiel automatisierter und interpretativer Verfahren bei der Aufbereitung und Auswertu,150225_Philologie_III_1_Mei·ner-Das_Zusammenspiel_automatisierter_und_interpretativer_Verfahren_bei_der_Aufbereitung_und_Auswertung_.pdf
17,Erfahrungsberichte aus zweiter Hand: Erkenntnisse über die Autorschaft von Arztbewertungen in Online-Portalen,Erfahrungsberichte aus zweiter Hand: Erkenntnisse über die Autorschaft von Arztbewertungen in Online,150225_Philologie_III_2_Geierhos-Erfahrungsberichte_aus_zweiter_Hand-241064.pdf
18,WebLicht: Bombardieren bevor die Services explodieren,"WebLicht: Bombardieren bevor die Services explodieren   Daniël de Kok, Wei Qiu, Marie Hinrichs   Ein",150225_Philologie_III_3_de_Kok-WebLicht-1151162.pdf
19,Automatische Erkennung von Figuren in deutschsprachigen Romanen,"Automatische Erkennung von Figuren  in deutschsprachigen Romanen  Jannidis, Fotis fotis.jannidis@uni",150225_Philologie_II_1_Jannidis-Automatische_Erkennung_von_Figuren_in_deutschsprachigen_Romanen-271069.pdf
20,Die explorative Visualisierung von Texten. Von den Herausforderungen der Darstellung geisteswissenschaftlicher Primär- und Annotationsdaten, Die explorative Visualisierung von Texten Von den Herausforderungen der Darstellung geisteswissensc,150225_Philologie_II_2_Gius-Die_explorative_Visualisierung_von_Texten_Von_den_Herausforderungen_der_Darstellung_geisteswissenschaftli.pdf
21,Theorie und Praxis der erklärenden Annotation im Kontext der Digital Humanities,Abstract DHd2015 „Von Daten zu Erkenntnissen“ Dr. Angelika Zirker (Eberhard Karls Universität Tübing,150225_Philologie_II_3_Zirker-Theorie_und_Praxis_der_erklÑrenden_Annotation_im_Kontext_der_Digital_Humanities-131044.pdf
22,Zeitliche Verlaufskurven in den DTA- und DWDS-Korpora: Wörter und Wortverbindungen über 400 Jahre (1600–2000),Zeitliche Verlaufskurven in den DTA- und DWDS-Korpora: Wörter und Wortverbindungen über 400 Jahre (1,150225_Philologie_IV_1_Geyken-Zeitliche_Verlaufskurven_in_den_DTA-_und_DWDS-Korpora-1191161.pdf
23,Citation Segmentation from Sparse & Noisy Data: An Unsupervised Joint Inference Approach with Markov Logic Networks, Citation Segmentation from Sparse & Noisy Data: An Unsupervised Joint Inference Approach with Marko,150225_Philologie_IV_2_Heckmann-Citation_Segmentation_from_Sparse_&_Noisy_Data-1551175.pdf
24,Parameter zur Klassifizierung stilistischer Varianz bei E-Mails,Parameter zur Klassifizierung stilistischer Varianz bei E-Mails   Ulrike Krieg-Holz                 ,150225_Philologie_IV_3_Krieg-Holz-Parameter_zur_Klassifizierung_stilistischer_Varianz_bei_E-Mails-1531184.pdf
25,WissensSpielRäume – Digital Humanities in der Theaterforschung,"WissensSpielRäume	  –	  Digital	  Humanities	  in	  der	  Theaterforschung	  	  	  (Frau)	",150225_Philologie_I_1_Leonhardt-WissensSpielRäume_–_Digital_Humanities_in_der_Theaterforschung-1751188.pdf
26,Digitale Netzwerkanalyse dramatischer Texte,"DigitaleNetzwerkanalysedramatischerTextePeerTrilcke1,FrankFischer2,DarioKampkaspar31Georg-August-Uni",150225_Philologie_I_2_Trilcke-Digitale_Netzwerkanalyse_dramatischer_Texte-251040.pdf
27,Comedia - Comédie: Topic Modeling als Perspektive auf das spanische und französische Theater des 17. Jhdts.,Comedia - Comédie: Topic Modeling als Perspektive auf das spanische und französische Theater des 17.,150225_Philologie_I_3_Schîch-Comedia_-_ComÇdie-701008.pdf
28,Wissenschaftsgeschichte und digitale Methoden. Eine datengestützte Untersuchung zu wissenschaftlichen Öffentlichkeiten,Wissenschaftsgeschichte und digitale Methoden. Eine datengestützteUntersuchung zu wissenschaftlichen,150225_Theorie_II_1_Fechner-Wissenschaftsgeschichte_und_digitale_Methoden_Eine_datengestÅtzte_Untersuchung_zu_wissenschaftlichen_.pdf
29,Interdisziplinäre Nutzung von Forschungsdaten mithilfe einer technisch-abstrakten Modellierung,Interdisziplinäre Nutzung von Forschungsdaten mithilfe einer technisch-abstrakten Modellierung  1. E,150225_Theorie_II_2_Odebrecht-InterdisziplinÑre_Nutzung_von_Forschungsdaten_mithilfe_einer_technisch-abstrakten_Modellierung-63110.pdf
30,Digitale Geisteswissenschaften und Informatik – Modelle der Zusammenarbeit,"Digitale	  Geisteswissenschaften	  und	  Informatik	  –	  Modelle	  der	  Zusammenarbeit	  	",150225_Theorie_II_3_Hinrichs-Digitale_Geisteswissenschaften_und_Informatik_–_Modelle_der_Zusammenarbeit-781124.pdf
31,Warum sollen wir unseren Daten trauen? Soziale Erkenntnistheorie und die 'rechnenden Geisteswissenschaften',Warum sollen wir unseren Daten trauen? Soziale Erkenntnistheorie und die 'rechnenden Geisteswissensc,150225_Theorie_I_1_He·brÅggen-Walter-Warum_sollen_wir_unseren_Daten_trauen_Soziale_Erkenntnistheorie-591104.pdf
32,"Gleiche Textdaten, unterschiedliche Erkenntnisziele? Zum Potential vermeintlich widersprüchlicher Zugänge zu Textanalyse","  Gleiche Textdaten, unterschiedliche Erkenntnisziele? Zum Potential vermeintlich widersprüchlicher ","150225_Theorie_I_2_Bögel-Gleiche_Textdaten,_unterschiedliche_Erkenntnisziele_Zum_Potential_vermeintlich_widersprüchlicher_Z.pdf"
33,Status und Probleme der Literaturwissenschaften im Rahmen der Digitial Humanities,Status und Probleme der Literaturwissenschaften im Rahmen der Digitial Humanities  In den Digital Hu,150225_Theorie_I_3_Kelih-Status_und_Probleme_der_Literaturwissenschaften_im_Rahmen_der_Digitial_Humanities-721112.pdf
34,Quanticod revisited. Neue Ansätze zur quantitativen Analyse mittelalterlicher Handschriftenbestände,Quanticod revisited. Neue Ansätze zur quantitativen Analyse mittelalterlicher HandschriftenbeständeH,150226_Geschichte_II_1_Busch-Quanticod_revisited_Neue_AnsÑtze_zur_quantitativen_Analyse_mittelalterlicher_HandschriftenbestÑnde-13611.pdf
35,Zur visuellen Analyse und Synthese historischer Daten in Raum und Zeit,Von Daten zu Erkenntnissen  Zweite Jahrestagung der Digital Humanities im deutschsprachigen Raum (DH,150226_Geschichte_II_2_Windhager-Zur_visuellen_Analyse_und_Synthese_historischer_Daten-1701065.pdf
36,Vom Repositorium zum virtuellen Museum: UserInnen versus BesucherInnen im Spannungsfeld zwischen Erkenntniswunsch und Selbst(er)findung,   Bernadette Biedermann und Nikolaus Reisinger   Abstract Vom Repositorium zum virtuellen Museum: U,150226_Geschichte_II_3_Reisinger-Vom_Repositorium_zum_virtuellen_Museum-1071149.pdf
37,"Herausforderung ""Big Data"" in der historischen Forschung","	  	  Herausforderung ""Big Data"" in der historischen Forschung 	  	  Kruse, Sebastian; Schmaltz,",150226_Geschichte_I_1_WintergrÅn-Herausforderung_Big_Data_in_der_historischen_Forschung-651110.pdf
38,Gespielte Geschichte: Digital Games als Medium und Fokus der Forschung,"Gespielte Geschichte: Digital Games als Medium und Fokus der Forschung  Gernot HAUSAR, Uni Wien/FH C",150226_Geschichte_I_2_HAUSAR-Gespielte_Geschichte-21025.pdf
39,Über mehrsprachige Metadaten zu den versteckten Quellen: Das Beispiel deutschsprachiger Täterquellen in der European Holocaust Research Infrastructure,Über mehrsprachige Metadaten zu den versteckten Quellen: Das Beispiel deutschsprachiger Täterquellen,150226_Geschichte_I_3_Bennett-öber_mehrsprachige_Metadaten_zu_den_versteckten_Quellen-151050.pdf
40,Was sind und was sollen Datenzentren in den Geisteswissenschaften?,Was sind und was sollen Datenzentren in den Geisteswissenschaften?  Panel der AG Datenzentren im Ver,150226_Panel_III_Sahle-Panel_der_AG_Datenzentren_im_Verband_DHd-1131158.pdf
41,Zur Integration computerbasierter raum-zeitlicher Visualisierungen in die Methodik der historischen Wissenschaften,Zur Integration computerbasierter raum-zeitlicher Visualisierungen in die Methodik der historischen ,150226_Panel_IV_Scheuermann-Zur_Integration_computerbasierter_raum-zeitlicher_Visualisierungen-691039.pdf
42,Digital Humanities als Beruf – Fortschritte auf dem Weg zu einem Curriculum,"Manfred Thaller, Universität zu Köln Panel: Digital Humanities als Beruf – Fortschritte auf dem Weg ",150226_Panel_I_Thaller-Digital_Humanities_als_Beruf_–_Fortschritte_auf_dem_Weg_zu_einem_Curriculum-851018.pdf
43,exploreAT! Perspektiven einer Transformation am Beispiel eines lexikographischen Jahrhundertprojekts , exploreAT! Perspektiven einer Transformation am Beispiel eines lexikographischen Jahrhundertprojekt,150226_Philologie_VIII_1_Wandl-Vogt-Transformation_Perspektiven_am_Beispiel_eines_lexikographischen_Jahrhundertprojekts-841120.pdf
44,Für eine pan-eüropaische Lexikologie und Lexikographie mittels des Linked Open Data Frameworks,Fü r eine pan-eüropa ische Lexikologie ünd Lexikographie mittels des Linked Open Data Frameworks Thi,150226_Philologie_VIII_2_Declerck-FÅr_eine_pan-eÅropaische_Lexikologie_Ånd_Lexikographie_mittels_des_Linked_Open_Data_Frameworks-140118.pdf
45,Integrierte Lexikographische Dienste zur Unterstützung der digitalen Geisteswissenschaften (aiLEs),Integrierte Lexikographische Dienste zur Unterstützungder digitalen Geisteswissenschaften (aiLEs)Kar,150226_Philologie_VIII_3_Pirker-Integrierte_Lexikographische_Dienste_zur_UnterstÅtzung_der_digitalen_Geisteswissenschaften-1601118.pdf
46,Wittgensteins Nachlass: Erkenntnisse und Weiterentwicklung der FinderApp WiTTFind,1  Wittgensteins Nachlass: Erkenntnisse und Weiterentwicklung der  FinderApp WiTTFind Max Hadersbeck,150226_Philologie_VII_1_Hadersbeck-Wittgensteins_Nachlass-441032.pdf
47,Information / Kommentar / Interpretation: HANDKEonline,Klaus Kastberger/Katharina Pektor: Information/Kommentar/Interpretation: Handkeonline Einreichung zu,150226_Philologie_VII_2_Kastberger-InformationKommentarInterpretation-31027.pdf
48,Hidden Kosmos – Humboldts ‚Kosmos-Vorträge‘ als Probe der Digital Humanities,"1 Christian Thomas Humboldt-Universität zu Berlin, Institut für Kulturwissenschaft Projekt Hidden Ko",150226_Philologie_VII_3_Thomas-Hidden_Kosmos_–_Humboldts_‚Kosmos-Vorträge‘-1681182.pdf
49,correspSearch. Ein zentraler Service zum Vernetzen von Briefeditionen und -repositorien,correspSearch. Ein zentraler Service zum Vernetzen  von Briefeditionen und -repositorien Stefan Dumo,150226_Philologie_VI_1_Dumont-correspSearch_Ein_zentraler_Service_zum_Vernetzen_von_Briefeditionen-1101070.pdf
50,Topic Modelling des Letters of 1916 Briefkorpus,"Roman Bleier, Topic Modelling des Letters of 1916 Briefkorpus DHd­Tagung 2015 Email: bleierr@tcd.ie ",150226_Philologie_VI_2_Bleier-Topic_Modelling_des_Letters_of_1916_Briefkorpus-831122.pdf
51,Von A wie Abraham a Sancta Clara bis U wie Unbekannter Verfasser: Annotation und Repräsentation barocker Literatur,"VORTRAG / ABSTRACT Claudia Resch, Daniel Schopper, Barbara Krautgartner Österreichische Akademie der",150226_Philologie_VI_3_Resch-Von_A_wie_Abraham_a_Sancta_Clara_bis_U_wie_Unbekannter_Verfasser-991067.pdf
52,‘Over-tagging’ with XML in Digital Scholarly Editions,"‘Over-tagging’ with XML in Digital Scholarly Editions  Elise Hanrahan, hanrahan@bbaw.de  NOTE: Obwoh",150226_Philologie_V_1_Hanrahan-‘Over-tagging’_with_XML_in_Digital_Scholarly_Editions-1441142.pdf
53,Erkennung und Visualisierung attribuierter Phrasen in Poetiken,"Erkennung und Visualisierung attribuierter Phrasen in PoetikenAndreas Müller (1), Markus John (2), S",150226_Philologie_V_2_MÅller-Erkennung_und_Visualisierung_attribuierter_Phrasen-1231132.pdf
54,Ausgezeichnete Mären analysieren – ein Werkstattbericht,PD Dr. Friedrich Michael Dimpel Ausgezeichnete Mären analysieren – ein Werkstattbericht  1.   Digita,150226_Philologie_V_3_Dimpel-Ausgezeichnete_Mären_analysieren_–_ein_Werkstattbericht-181056.pdf
55,Neue Erkenntnisse durch digitalisierte Geschichtswissenschaften? Zur hermeneutischen Reichweite aktueller digitaler Methoden in informationszentrierten Fächern,Neue Erkenntnisse durch digitalisierte Geschichtswissenschaften? Zur hermeneutischen Reichweite aktu,150226_Theorie_III_1_Wettlaufer-Neue_Erkenntnisse_durch_digitalisierte_Geschichtswissenschaften-1421176.pdf
56,Big Data und Data Mining in den Digital Humanities,Big Data und Data Mining in den Digital Humanities Big Data in den Geisteswissenschaften ermöglicht ,150226_Theorie_III_2_Pîlitz-Big_Data_und_Data_Mining_in_den_Digital_Humanities-1061125.pdf
57,Exploring the reuse of data in the humanities by means of asynchronous collaboration and authorship in nodegoat,Title Exploringthereuseofdatainthehumanitiesbymeansofasynchronouscollaborationand              autho,150226_Theorie_III_3_van_Bree-Exploring_the_reuse_of_data_in_the_humanities_by_means_of_asynchronous_collaboration_and_authorship.pdf
58,Die getriebenen Geisteswissenschaften – oder: Warum der Schritt von der Daten- zur Wissensproduktion nicht immer gelingt,Prof. Dr. Josef Focht Museum fŸr Musikinstrumente der UniversitŠt Leipzig  Vorschlag eines Vortrags ,150226_Theorie_IV_1_Focht-Die_getriebenen_Geisteswissenschaften_–_oder-1781190.pdf
59,Digital Humanities aus der Sicht der Informatik,"Panel-­‐DiskussionDigital	  Humani7es	  aus	  der	  Sicht	  der	  Informa7kmit	  Günther	  G",150226_Theorie_IV_2_Gîrz-Digital_Humanities_aus_der_Sicht_der_Informatik-1791196.pdf
60,Bildungspotenziale digitaler Musik-Editionen zwischen Demokratisierung und Ungewissheit. Ein theoretischer Verortungsversuch,Bildungspotentiale digitaler Musik-Editionen zwischen Demokratisierung und Ungewissheit. Ein Theoret,150226_Theorie_IV_3_Meise-Bildungspotenziale_digitaler_Musik-Editionen_zwischen_Demokratisierung-1611187.pdf
61,Meinungen in Twitterdiskursen. Potenziale der automatisierten Inhaltsanalyse aus der Computerlinguistik für Fragestellungen der Kommunikationswissenschaft,Meinungen in Twitterdiskursen Potenziale der automatisierten Inhaltsanalyse aus der Computerlinguist,150227_EmpirischeAnsÑtze_1_Engelmann-Meinungen_in_Twitterdiskursen_Potenziale_der_automatisierten_Inhaltsanalyse_aus_der_Computerlinguist.pdf
62,Identifikation kognitiver Effekte in Online-Bewertungen,"  Identifikation kognitiver Effekte in Online-Bewertungen Valentina Stuß & Michaela Geierhos, Univer",150227_EmpirischeAnsÑtze_2_Stu·-Identifikation_kognitiver_Effekte_in_Online-Bewertungen-801064.pdf
63,Beziehung und Bedeutung. Soziale und semantische Netzwerkanalyse religionshistorischer Korpora,Beziehung und Bedeutung. Sozialeund semantische Netzwerkanalysereligionshistorischer KorporaAbstract,150227_EmpirischeAnsÑtze_3_Elwert-Beziehung_und_Bedeutung_Soziale_und_semantische_Netzwerkanalyse_religionshistorischer_Korpora-1311163.pdf
64,Auf der Suche nach dem erfüllten Raum: Digitale Korpusanalyse in der Literaturwissenschaft am Beispiel von Ilse Aichinger,AufderSuchenachdemerfülltenRaum:DigitaleKorpusanalyseinderLiteraturwissenschaftamBeispielvonIlseAich,150227_Philologie_IX_1_Ivanovic-Digitale_Korpusanalyse_in_der_Literaturwissenschaft_am_Beispiel_von_Ilse_Aichinger-1761194.pdf
65,Das Duisburg-Leipzig Korpus romanischer Zeitungssprachen und sein Textmodell,1  Elisabeth Burr elisabeth.burr@uni-leipzig.de Universität Leipzig  Julia Burkhardt jburk@rz.uni-le,150227_Philologie_IX_2_Burr-Das_Duisburg-Leipzig_Korpus_romanischer_Zeitungssprachen-1771016.pdf
66,Bearbeitung großer digitaler Korpora mit Topic Modeling,"	  1	  Maik	  Fiedler,	  Andreas	  Weiß	  –	  Welt	  der	  Kinder,	  GEI	  Braunschweig	",150227_Philologie_IX_3_Weiß-Welt_der_Kinder_–_Bearbeitung_großer_digitaler_Korpora-1431168.pdf
67,Digitale Analyse Graphischer Literatur,"	  1	  Digitale	  Analyse	  Graphischer	  Literatur	  Alexander	  Dunst1,	  Rita	  Hartel2,",150227_Philologie_XI_1_Dunst-Digitale_Analyse_Graphischer_Literatur-1281047.pdf
68,Wann findet die deutsche Literatur statt? – Zur Untersuchung von Zeitausdrücken in großen Korpora,WannndetdiedeutscheLiteraturstatt?ZurUntersuchungvonZeitausdruckeningroenKorporaFrankFischer1undJ,150227_Philologie_XI_2_Fischer-Wann_findet_die_deutsche_Literatur_statt_–_Zur_Untersuchung_von_Zeitausdrücken-231040.pdf
69,Erzählen im Computerspiel. Der Text als „Designer’s Narrative Discourse“ und über Möglichkeiten seiner Präsentation,1  Abstract  Erzählen im Computerspiel. Der Text als „Designer’s Narrative Discourse“ und über Mögli,150227_Philologie_XI_3_Friedl-ErzÑhlen_im_Computerspiel-671086.pdf
70,Mapping the Words. Übersetzungsstrukturen zwischen Altgriechisch und Hocharabisch in visuellen Formen,Mapping the WordsÜbersetzungsstrukturen zwischenAltgriechisch und Hocharabischin visuellen FormenAbs,150227_Philologie_X_1_Roeder-Mapping_the_Words_öbersetzungsstrukturen_zwischen_Altgriechisch-281037.pdf
71,Das artifizielle Manuskriptkorpus TASCFE,DasartiﬁzielleManuskriptkorpusTASCFEArminHoenen13.Januar20151AbstraktIndiesemPapersolldasTeheranArti,150227_Philologie_X_2_Hoenen-Das_artifizielle_Manuskriptkorpus_TASCFE-191051.pdf
72,Ontologiegestütze geisteswissenschaftliche Annotationen mit dem OWLnotator,OntologiegestutzegeisteswissenschaftlicheAnnotationenmitdemOWLnotatorGiuseppeAbramiAlexanderMehlerS,ABRAMI_Giuseppe_Ontologiegest�tze_geisteswissenschaftliche_Annotationen_mit_dem_OWLnotator.pdf
73,Sprachwissenschaftliche Untersuchungen zum Klagspiegel Conrad Heydens (1436) und zum Laienspiegel Ulrich Tenglers (1511), 1  Abstract zum Vorhaben „Sprachwissenschaftliche Untersuchungen zum Klagspiegel Conrad Heydens (14,AEHNLICH_Barbara_Sprachwissenschaftliche_Untersuchungen_zum_Klagspiegel_Conrad_Heydens_(1436)_und_zum_Laienspiegel_Ulrich_Tenglers_(1511).pdf
74,Annotation und Analyse des literaturtheoretischen und -kritischen Diskurses in deutschsprachigen Poetiken (1770 bis 1960),Annotation und Analyse des literaturtheoretischen und -kritischen Diskurses in deutschsprachigen Poe,ALSCHER_Stefan_Annotation_und_Analyse_des_literaturtheoretischen_und_kritischen_Diskurses_in_deutschsprachigen_Poetiken.pdf
75,Forschungsdaten in Theorie und Praxis. Das DARIAH-DE Repository und die DARIAH-DE Collection-Registry," DHd2015 - Sektionsvorschlag:„Forschungsdaten in Theorie und Praxis”  von Peter Andorfer, Johanna Pu",ANDORFER_Peter_Forschungsdaten_in_Theorie_und_Praxis.pdf
76,Mit den Informationswissenschaften von Daten zu Erkenntnissen,"Mit den Informationswissenschaften von Daten zu Erkenntnissen Sandra Balck, Prof. Dr. Stephan Büttne",BALCK_Sandra_Mit_den_Informationswissenschaften_von_Daten_zu_Erkenntnissen.pdf
77,Musterforschung in den Geisteswissenschaften: Werkzeugumgebung zur Musterextraktion aus Filmkostümen," Musterforschung	  in	  den	  Geisteswissenschaften:	  Werkzeugumgebung	  zur	  Musterextrakti",BARZEN_Johanna_Muster_in_den_Geisteswissenschaften.pdf
78,‚Was heißt und zu welchem Ende produziert man ein geisteswissenschaftliches E-Journal?’ Innovationspotentiale des digitalen Publizierens am Beispiel der Zeitschrift für Digital Humanities (ZfDH),"‚Was	  heißt	  und	  zu	  welchem	  Ende	  produziert	  man	  ein	  geisteswissenschaftlich",BAUM_Constanze_Was_heiát_und_zu_welchem_Ende_produziert_man_ein_geisteswissenschaftliches_E-Journal.pdf
79,Modellierung eines maschinell lesbaren Lexikons für das Korpus der altäthiopischen Literatur,Modellierung eines maschinell lesbaren Lexikons für das Korpus der altäthiopischen LiteraturAlessand,BAUSI_Alessandro_Modellierung_eines_maschinell_lesbaren_Lexikons_f乺_das_Korpus_der_alt則hiopischen_Literatur.pdf
80,Automatische Verfahren zur Bewertung der Relevanz von Dokumenten für geisteswissenschaftliche Forschungsfragen,Automatische Verfahren zur Bewertung der Relevanz von Dokumenten für geisteswissenschaftliche Forsch,BLESSING_Andre_Automatische_Verfahren_zur_Bewertung_der_Relevanz_von_Dokumenten_f�r_geisteswissenschaftliche_Forschungsfragen.pdf
81,"Der Gang durch die Domänen zur Erfassung, Aufbereitung und Präsentation von Audiodaten im BMBF-Projekt ”Freischütz Digital“","DerGangdurchdieDomanenzurErfassung,AufbereitungundPrasentationvonAudiodatenimBMBF-Projekt""Freisch",BOHL_Benjamin_Der_Gang_durch_die_Dom„nen.pdf
82,Projekt Altägyptische Wörterbücher im Verbund: Digital unterstütze Analyse der Entwicklung ägyptischer Wörterbücher,Projekt Altägyptische Wörterbücher im Verbund: Digital unterstütze Analyse der Entwicklung ägyptisch,BRYAN_Maximilian_Projekt_Altgyptische_Wrterbcher_im_Verbund_Digital_untersttze_Analyse_der_Entwicklung_gyptischer_Wrterbcher.pdf
83,eComparatio. Editionsvergleich,"Posterpräsentation Jahrestagung DHd 2015 eComparatio Editionsvergleich Oliver Bräckel, Hannes Kahl, ",BRCKEL_Oliver_eComparatio_Editionsvergleich.pdf
84,Humanities Data Centre – grundlegende Überlegungenin der Designphase eines geisteswissenschaftlichen Forschungsdatenzentrums, Humanities Data Centre – grundlegende Überlegungen in der Designphase eines geisteswissenschaftlich,BUDDENBOHM_Stefan_Humanities_Data_Centre_grundlegende_šberlegungen_in_der_Designphase_eines_geisteswissenschaftlichen_Forschungsdatenzentrums.pdf
85,StreetartFinder – Eine Datenbank zur Dokumentation von Kunst im urbanen Raum,"Vorschlag  für  einen  Posterbeitrag  (mit  Tool-­‐‑Demo)  auf  der  DHd  2015,  Graz	    1      St",BURGHARDT_Manuel_StreetartFinder_Eine_Datenbank_zur_Dokumentation_von_Kunst_im_urbanen_Raum.pdf
86,Quantitative Aufführungsanalysen zu Stücken Johann Nestroys,"Ingo Bšrner, Angelika Hechtl  Quantitative AuffŸhrungsanalysen zu StŸcken Johann Nestroys   Die Post",BRNER_Ingo_Quantitative_Auffhrungsanalysen_zu_Stcken_Johann_Nestroys.pdf
87,An End-To-End Integration of Automatic Annotations into CATMA,AnEnd-To-EndIntegrationofAutomaticAnnotationsintoCATMAThomasB¨ogelMarcoPetrisyJannikStr¨otgenMicha,B橤EL_Thomas_An_End-To-End_Integration_of_Automatic_Annotations_into_CATMA.pdf
88,DFG­Projekt „Entwicklung eines MEI­ und TEI­basierten Modells kontextueller Tiefenerschließung von Musikalienbeständen am Beispiel des Detmolder Hoftheaters im 19. Jahrhundert (1825–1875)“,DFG­Projekt„EntwicklungeinesMEI­undTEI­basiertenModellskontextueller        TiefenerschließungvonMus,CAPELLE_Irmlind_Entwicklung_eines_MEI_und_TEI_basierten_Modells_kontextueller_Tiefenerschlie_ung_von_Musikalienbeständen.pdf
89,Annotationen für die automatisierte Verarbeitüng von Märchen,"Annotationen fü r die aütomatisierte Verarbeitüng von Ma rchen Thierry Declerck, Universität des Saa",DECLERCK_Thierry_Annotationen_f�r_die_automatisierte_Verarbeitung_von_M„rchen.pdf
90,ediarum – Eine digitale Arbeitsumgebung für Editionsvorhaben,"ediarum – Eine digitale Arbeitsumgebung für Editionsvorhaben  Stefan Dumont (dumont@bbaw.de), Martin",DUMONT_Stefan_ediarum_Eine_digitale_Arbeitsumgebung_f�r_Editionsvorhaben.pdf
91,Netzwerke sehen,"Netzwerke sehen Matej Ďurčo, ACDH-ÖAW  In diesem Beitrag stellen wir eine Webapplikation zur Visuali",DURCO_Matej_Netzwerke_sehen.pdf
92,»So viele Briefe mit all ihrem Für und Wider...« Die kommentierte Online-Edition des Gesamtbriefwechsels Ludwig von Fickers als wissenschaftlicher Quellenfundus,»So viele Briefe mit all ihrem Für und Wider...« Die kommentierte Online-Edition des Gesamtbriefwech,ENDER_Markus_so_viele_Briefe_mit_all_ihrem_Für_und_Wider_Die_kommentierte_Online-Edition_des_Gesamtbriefwechsels_Ludwig_von_Fickers.pdf
93,Kombinierte Text- und Geo-Suche zum Durchsuchen einer Georeferenzierten Online-Bibliographie,122212,ENTRUP_Bastian_Kombinierte_Text-_und_Geo-Suche_zum_Durchsuchen_einer_georeferenzierten_Online_Bibliographie.pdf
94,SMuFL-Browser und oXygen GlyphPicker Plugin. Werkzeuge zur Integration musikalischer Symbole in TEI,PosterproposalDHd2015SMuFL-BrowserundoXygenGlyphPickerPluginWerkzeugezurIntegrationmusikalischerSymb,ERHARD_Alexander_SMuFL-Browser_und_oXygen_GlyphPicker_Plugin.pdf
95,TTLab Preprocessor – Eine generische Web-Anwendung für dieVorverarbeitung von Texten und deren Evaluation,TTLabPreprocessor–EinegenerischeWeb-Anwendungf¨urdieVorverarbeitungvonTextenundderenEvaluationR¨udig,GLEIM_R�diger_TTLab_Preprocessor_Eine_generische_Web-Anwendung_f�r_die_Vorverarbeitung_von_Texten_und_deren_Evaluation.pdf
96,Vom Luftbild zum 3D-Modell,Vom Luftbild zum 3D-Modell zum Einsatz von unbemannten Luftfahrzeugen in der Archäologie des Vordere,GLISSMANN_Benjamin_Vom_Luftbild_zum_3D.pdf
97,Auch ich in Rom! Die literarische Inszenierung sozialer Netzwerkeund Wissenstransfersin deutschsprachigenReiseberichten (1816-1833)," Carolin Hahn ▪  Wollankstaße 64A, 13359 Berlin ▪  0152 2251 6963 ▪  carolin.hahn@ymail.com      ",HAHN_Carolin_Auch_ich_in_Rom!-Die_literarische_Inszenierung_sozialer_Netzwerke_und_Wissenstransfers_in_deutschsprachigen_Reiseberichten_(1816-1833).pdf
98,Learning cuneiform the modern way,"LearningcuneiformthemodernwayTimoHomburg1,ChristianChiarcos1,ThomasRichter2,DirkWicke21InstituteforC",HOMBURG_Timo_Learning_cuneiform_the_modern_way.pdf
99,Dingler Dissemination. Highlights aus 6 Jahren »Digitalisierung des Polytechnischen Journals«,"DinglerDisseminationHighlightsaus6Jahren»DigitalisierungdesPolytechnischenJournals«MariusHug,M.A.;Ma",HUG_Marius_Dingler_Dissemination_Highlights_aus_6_Jahren_Digitalisierung_des_Polytechnischen_Journals.pdf
100,Erweiterte Publikationen in den Geisteswissenschaften. Zwischenergebnisse des DFG-Projektes Fu-PusH,DHd-Jahrestagung 2015 „Von Daten zu Erkenntnissen“ (Graz) – Abstract für Vortrag   Erweiterte Publik,KADEN_Ben_Erweiterte_Publikationen_in_den_GeisteswissenschaftenKleineberg.pdf
101,Wittgensteins Nachlass: Aufbau und Demonstrationder FinderApp WiTTFind undihrer Komponenten,    Wittgensteins Nachlass: Aufbau und Demonstration  der  FinderApp WiTTFind und ihrer Komponenten ,KALASOUSKAYA_Yuliya_Wittgensteins_Nachlass_Aufbau_und_Demonstration_der_FinderApp_WiTTFind_und_ihrer_Komponenten.pdf
102,Ein Wizard für die Erschließung strukturierter Textdaten,"EinWizardf¨urdieErschließungstrukturierterTextdatenFritzKliche1,NicolasSchmidt2,UlrichHeid11Institut",KLICHE_Fritz_Ein_Wizard_fЃr_die_Erschlieбung_strukturierter_Textdaten.pdf
103,OpenSource-Bibliotheken und -Tools des SeNeReKo-Projekts,"Titel: OpenSource-Bibliotheken und -Tools des SeNeReKo-Projekts  Autoren: Jürgen Knauth, Frederik El",KNAUTH_J�rgen_OpenSource-Bibliotheken_und_-Tools_des_SeNeReKo-Projekts.pdf
104,"Database of historical places, persons and lemmas","Databaseofhistoricalplaces,personsandlemmasNataliaKorchagina1;21SchweizerischeRechtsquellenstiftung/","KORCHAGINA_Natalia_Database_of_historical_places,_persons_andlemmas.pdf"
105,Germania Sacra Online – Das Forschungsportal für kirchliche Personen und Institutionen bis 1810,Germania Sacra Online – Das Forschungsportal für kirchliche Personen und Institutionen bis 1810 Bärb,KR™GER_Barbara_Germania_Sacra_Online_Das_Forschungsportal_f�r_kirchliche_Personen_und_Institutionen_bis_1810.pdf
106,Anforderungen und Bedürfnisse von Geisteswissenschaftlern an einen digital gestützten Forschungsprozess,Anforderungen und BedŸrfnisse von Geisteswissenschaftlern an einen digital gestŸtzten Forschungsproz,LEGANOVIC_Oona_Anforderungen_und_Bed�rfnisse_von_Geisteswissenschaftlern_an_einen_digital_gest�tzten.pdf
107,Semantische Anreicherung von Bildnetzwerken mit HyperImage und Yenda – Das Hachiman Digital Handscrolls Projekt,Semantische Anreicherung von Bildnetzwerken mit HyperImage und Yenda Ð Das Hachiman Digital Handscro,LOEBEL_Jens-Martin_Semantische_Anreicherung_von_Bildnetzwerken_mit_HyperImage_und_Yenda_Das_Hachiman_Digital_Handscralls_Projekt.pdf
108,Das Wissen der Bilder. Spielarten des digitalen Annotierens,DHd2015 Graz ∙ Sektion „Das Wissen der Bilder. Spielarten des digitalen Annotierens“ ∙  Abstract zur,LORDICK_Harald_Das_Wissen_der_Bilder_Spielarten_des_digitalen_Annotierens.pdf
109,Geometrische Verfahren als Brücke zwischen Text und Objekt,Geometrische Verfahren als Brücke zwischen Text und ObjektHubert Mara und Bartosz BogaczUniversität ,MARA_Hubert_Geometrische_Verfahren_als_Br�cke_zwischen_Text_und_Objekt.pdf
110,"neonion – Kollaboratives, semantisches Annotierenvon Dokumentenals Mehrwert für das Forschen in den Geisteswissenschaften und der Informatik","Seite	  1	  neonion	  –	  Kollaboratives,	  semantisches	  Annotieren	  von	  Dokumenten	  ",MšLLER-BIRN_Claudia_neonion_Kollaboratives_semanitsches_Annotieren_von_Dokumenten_als_Mehrwert_f�r_das_Forschen_in_den_Geisteswissenschaften_und_der_Informatik.pdf
111,Vernetzte Datenstrukturen als Grundlage philosophischer Erkenntnisse. Technische Umsetzung und eine exemplarische Anwendung anhand des elektronischen Apparats der WIENER AUSGABE,Vernetzte Datenstrukturen als Grundlage philosophischer ErkenntnisseTechnische Umsetzung und eine ex,NEDO_Michael_Vernetzte_Datenstrukturen_als_Grundlage_philosophischer_Erkenntnisse.pdf
112,Sonic materialization of linguistic data,Sonic materialization of linguistic dataThe problem of soniÞcation Kramer Gregory (1994) in his book,PARASKEVOUDI_Nadia_Sonic_materialization_of_linguistic_data.pdf
113,"Big, complex, heterogeneous.. Laufende Projekte aus dem Arbeitsbereich Big Data in den Geisteswissenschaften in DARIAH-DE","PosterBig,complex,heterogeneous..LaufendeProjekteausdemArbeitsbereichBigDataindenGeisteswissenschaft",PERNES_Stefan_Big_complex_heterogeneous_Laufende_Projekte_aus_dem.pdf
114,Digitalisierung eines NS-Bildarchivs – Konstruktion von NS-Lebenswelt,Digitalisierung eines NS-Bildarchivs Ð Konstruktion von NS-LebensweltPosterprŠsentationUnser Projekt,PETER_Birgit_Digitalisierung_eines_NS-Bildarchivs_Konstruktion_von_NS-Lebenswelt.pdf
115,Digital Humanities in der Hochschullehre – Erfahrungen aus dem Lern-Lehr-Projekt „Digitale Medien in den Geisteswissenschaften in Lehre und Forschung“,Digital Humanities in der Hochschullehre – Erfahrungen aus dem Lern-Lehr-Projekt „Digitale Medien in,PFEIL_Patrick_Digital_Humanities_in_der_Hochschullehre_Erfahrungen_aus_dem_Lern-Lehr-Projekt.pdf
116,Visualisierung von Kultur im Web,Abstract für 2. Jahrestagung des Verbandes “Digital Humanities im deutschsprachigen Raum”  1 Poster ,PHILIPPS_Axel_Visualisierung_von_Kultur_im_Web.pdf
117,Das Labeling System – ein freier Baukasten für kontrollierte Vokabulare,DasLabelingSystem–einfreierBaukastenfürkontrollierteVokabulareMichaelPiotrowskiFlorianThieryKai-Chri,PIOTROWSKI_Michael_Das_Labeling_System_ein_freier_Baukasten_f�r_kontrollierte_Vokabulare.pdf
118,Statistisch gestützte Visualisierung von Informationsgliederungen in den Bundestagsreden,Digital Humanities im deutschsprachigen Raum (DHd) Poster | Abstract Statistisch gestützte Visualisi,POURTSKHVANIDZE_Zakharia_Visualisierung_von_Informationsgliederungen.pdf
119,Computerlinguistische Verfahren zur Aufdeckung struktureller Ähnlichkeitenin Narrativen,"Computerlinguistische	  Verfahren	  zur	  Aufdeckung	  struktureller	  Ähnlichkeiten	  in	  N",REITER_Nils_Computerlinguistische_Verfahren_zur_Aufdeckung_struktureller_hnlichkeiten_in_Narrativen.pdf
120,Virtuelle Rekonstruktion des Regensburger Ballhauses,"Vorschlag fŸr einen Posterbeitrag (mit Live-Demo) auf der DHd 2015, Graz	  	  1	  Virtuelle Rekon",RIPPERGER_Hannah_Virtuelle_Rekonstruktion_des_Regensburger_Ballhauses.pdf
121,Digitalisierung der Universitätssammlungen der FAU Erlangen-Nürnberg. Auf dem Weg zum Semantic Web in Eigenregie,Digitalisierung der Universitätssammlungen der FAU Erlangen-NürnbergAuf dem Weg zum Semantic Web in ,SCHOLZ_Martin_Digitalisierung_der_Universit則ssammlungen_der_FAU_Erlangen_N乺nberg.pdf
122,"Erfahrungen aus dem ""Bibliotheca legum""-Projekt. Zum Aufbaueiner Handschriftendatenbank",1  Poster-Abstract  Erfahrungen aus dem Bibliotheca legum-Projekt. Zum Aufbau einer Handschriftendat,SCHULZ_Daniela_Erfahrungen_aus_dem_Bibliotheca_legum_Projekt._Zum_Aufbau_einer_Handschriftendatenbank.pdf
123,Gelehrsamkeit will verlinkt werden. Zur digitalen Erschließung von August Boeckhs Nachlass und Bibliothek,"DHd 2015. Von Daten zu Erkenntnissen  Universität Graz, 23.-27.02.2015  Sabine Seifert Humboldt-Univ",SEIFERT_Sabine_Gelehrsamkeit_will_verlinkt_werden._Zur_digitalen_Erschlieáung_von_August_Boeckhs_Nachlass_und_Bibliothek.pdf
124,"Kodierung, Analyse und Visualisierung mittelalterlicher Kodexstrukturen im editorischen Kontext",Dr. Jakub ŠimekUniversität HeidelbergGermanistisches SeminarHauptstraße 207–209D-69117 Heidelberg+49,"SIMEK_JAKUB_Kodierung,_Analyse_und_Visualisierung_mittelalterlicher_Kodexstrukturen_im_editorischen_Kontext.pdf"
125,Europeana Sounds – Ein Portal zu Europas klingendem Kulturerbe,"Europeana Sounds – Ein Portal zu Europas klingendem Kulturerbe Ute Sondergeld, Max Kaiser (Österreic",SONDERGELD_Ute_Europeana_Sounds_Ein_Portal_zu_Europas_klingendem_Kulturerbe.pdf
126,Zur OCR frühneuzeitlicher Drucke am Beispiel des RIDGES-Korpus von Kräutertexte,Zur OCR frühneuzeitlicher Drucke am Beispiel des RIDGES-Korpus von Kräutertexten Uwe Springmann (LMU,SPRINGMANN_Uwe_Zur_OCR_fr�hneuzeitlicher_Drucke_am_Beispiel_des_RIDGES-Korpus_von_Kr„utertexten.pdf
127,Common Names 4 living organisms @ EUROPEANA. Ein Beispiel für Mehrwert durch interdisziplinäre Kollaboration,Common Names 4 living organisms @ EUROPEANA Ein Beispiel für Mehrwert durch interdisziplinäre Kollab,STEINER_Andrea_Common Names 4 living organisms @ EUROPEANA Ein Beispiel f�r Mehrwert durch interdisziplin„re Kollaboration.pdf
128,ADHO Special Interest Group for Libraries and Digital Humanities,Vorschlag für ein POSTER:   ADHO Special Interest Group for Libraries and Digital Humanities   Speci,STCKER_Thomas_ADHO_Special_Interest_Group_for_Libraries_and_Digital_Humanities.pdf
129,JENSITES – Schriften einer Totenbruderschaft digital,Eva Wohlfarter …sterreichische Akademie der Wissenschaften Austrian Centre for Digital Humanities   ,WOHLFAHRTER_Eva_JENSITES_Schriften_einer_Totenbruderschaft_digital.pdf
130,"Neue Wege des Sammelns, Erfassens und Erforschens: Die Datenbank ‚Dialect Cultures‘","   Neue Wege des Sammelns, Erfassens und Erforschens:  Die Datenbank ‚Dialect Cultures‘.   Elisabeth",ZEHETNER_Elisabeth_Neue_Wege_des_Sammelns_Erfassens_und_Erforschens_Die_Datenbank_Dialect_Cultures.pdf
